Age,Gender,Weight (kg),Carb Intake (g/day),Sugar Intake (g/day),Volume of Weights Lifted (kg/week)
27,Male,67.3,236.9,44.1,229.63596198227657
60,Female,48.3,171.4,50.2,209.70512421378154
30,Male,76.4,206.4,36.4,342.1101484117791
29,Male,89.3,185.6,66.4,168.68765754369275
26,Female,78.4,283.0,38.4,167.67535226057063
21,Female,70.7,178.1,65.7,180.07328450978505
56,Male,77.9,204.9,49.2,357.1260794263311
41,Female,97.1,208.5,49.7,127.42825353950275
51,Female,64.5,142.0,20.2,256.8363244821192
56,Male,75.4,190.4,51.2,10.519948964730974
58,Female,83.0,191.2,27.1,39.79803008667118
22,Male,78.0,268.8,51.2,290.9188908073167
32,Female,72.0,209.8,88.8,176.81315711006906
21,Female,69.9,181.1,22.2,116.78030992037117
56,Male,71.6,192.7,47.1,128.96053579013426
25,Male,81.4,196.7,37.3,157.96507332752475
62,Female,80.7,198.1,29.2,57.56378979117203
41,Female,100.1,246.4,34.2,151.1628890548417
45,Female,56.6,248.9,79.4,0.0
60,Male,96.1,150.5,84.7,348.6435621783819
44,Female,72.5,253.4,29.1,203.73519430338763
18,Male,73.9,237.6,58.0,348.30315425569927
51,Female,85.3,197.4,31.6,159.78426904691426
34,Female,85.2,126.3,36.4,153.95049199294485
54,Female,88.9,210.6,9.0,155.62390106848093
55,Female,91.5,182.3,92.6,82.52783669776034
43,Female,74.5,227.7,72.0,20.956454001653913
41,Male,91.7,232.3,37.0,72.35826255177375
56,Male,67.5,266.0,55.7,154.55620445574095
38,Male,71.3,146.9,42.0,74.91690620753172
47,Female,72.8,306.9,68.9,296.2286908094472
64,Male,68.7,244.8,43.2,118.94462398988567
30,Male,75.7,235.7,46.1,266.88506773730535
54,Female,85.8,295.8,36.8,199.4779435517176
20,Female,82.8,215.9,62.1,255.86151394600031
49,Male,67.6,251.7,94.2,282.87897437392246
52,Male,66.7,208.5,44.3,165.26300600663347
36,Male,64.7,242.0,44.1,422.47367146375075
31,Male,76.1,258.1,49.5,32.413944273090245
39,Male,56.0,252.9,55.2,75.50177415644801
34,Male,64.3,124.4,44.0,246.7456637581009
21,Male,69.5,179.3,42.2,221.7290039062673
62,Female,87.7,258.6,51.7,193.11798792619095
57,Male,73.4,224.9,15.0,221.04263630527353
36,Female,87.1,197.5,39.1,191.09941155660033
54,Female,77.3,225.4,10.0,209.50153429950993
19,Female,69.3,144.8,40.1,140.74780592434058
32,Male,69.8,239.3,31.0,269.37893266753525
19,Male,61.0,218.6,62.5,110.64374250725392
28,Female,103.8,204.3,35.3,67.87208511374446
62,Male,88.3,191.1,42.7,305.03256663292825
40,Male,82.2,211.6,7.0,208.0310939659021
27,Female,59.4,186.3,70.4,133.84924067822277
20,Male,69.6,183.8,28.3,112.32824372405571
22,Female,63.3,289.4,40.3,108.94443802159893
20,Female,76.5,120.7,65.6,157.47994924020583
55,Female,63.9,121.7,65.6,101.29645241709314
30,Female,67.0,239.1,27.8,57.16427331532433
59,Male,64.2,139.0,60.5,93.0249376318685
36,Female,72.1,99.8,27.0,81.96130266414347
57,Male,75.9,250.7,54.6,173.59804081600328
52,Male,72.4,263.0,34.3,182.3186367224342
41,Male,93.4,134.6,29.7,452.26251865032077
41,Male,84.7,110.2,50.7,322.5360026201172
34,Female,65.6,139.1,35.5,170.89896900087186
57,Female,78.9,165.0,90.4,305.99538940036143
27,Female,66.6,295.7,37.6,131.26958789364014
19,Female,70.3,178.5,26.2,183.3199813743534
61,Female,80.8,241.6,32.0,191.45964210203874
40,Male,83.0,236.1,49.7,246.62517716098415
23,Female,68.0,266.1,52.2,60.828091106601065
19,Male,61.7,168.7,56.2,164.4908267739242
38,Male,76.1,199.5,68.2,82.91617427448529
52,Female,80.2,189.0,16.6,202.32604483141122
46,Male,67.3,226.9,69.1,189.2088601503023
24,Male,84.8,260.8,31.7,0.0
46,Female,82.7,308.9,58.0,175.85735974810257
54,Female,67.2,180.5,84.4,174.53900189651728
40,Female,88.6,207.1,34.0,295.2524079226494
50,Male,88.9,243.3,33.2,304.3848197943337
25,Female,99.8,230.6,29.5,232.1127610875302
29,Female,95.5,285.8,43.2,36.528816261488714
63,Male,64.2,194.6,75.3,351.4474244715419
27,Female,86.1,180.1,27.7,134.50182499849055
32,Male,85.6,268.8,40.1,106.4941813009044
41,Male,70.8,215.2,69.5,0.0
43,Female,80.5,227.0,62.5,263.01013727741315
64,Male,52.5,196.4,40.0,176.0882318903893
59,Male,52.1,246.4,45.8,193.26434723405234
56,Female,54.4,156.7,68.3,171.16783644666722
20,Female,79.7,177.1,81.6,274.8962650536682
19,Female,80.2,67.6,84.0,137.2351263795962
23,Male,71.7,168.6,77.6,219.91803503590776
38,Male,95.7,246.6,36.6,329.2664145864952
26,Female,86.8,202.3,86.4,128.70182599082648
27,Female,55.8,153.8,35.2,61.50771524597669
53,Female,72.9,271.5,17.0,0.0
20,Male,63.7,206.9,52.2,363.48130078949396
58,Female,80.0,284.7,79.5,155.46377459671032
41,Male,74.6,242.8,63.3,253.05037694448734
39,Female,64.4,209.4,48.5,103.33943094344863
31,Male,95.3,291.8,55.8,305.55059167780854
59,Male,75.7,181.3,60.6,133.05104511120112
62,Female,70.0,145.3,53.0,158.817749739381
61,Male,72.0,280.0,44.1,201.8235869319871
44,Male,94.4,230.2,35.2,384.7872289597037
50,Female,85.9,269.7,52.2,201.4379845781742
39,Female,73.1,244.1,47.5,71.32033729819003
46,Male,63.1,282.2,50.1,285.29118899285686
36,Male,65.0,174.4,70.9,140.85730068647095
36,Male,69.2,190.6,45.0,95.82869902597223
23,Female,81.1,190.0,45.8,223.48241084889935
62,Male,84.1,190.7,53.8,229.7090803249212
36,Male,66.3,121.6,102.5,36.737033951492116
30,Female,84.6,208.2,28.2,103.54543505990732
43,Female,64.1,239.6,71.8,233.03468637888722
39,Female,67.7,166.0,44.0,168.39960092103658
38,Female,57.6,154.3,48.8,171.2559593836669
53,Female,57.2,193.2,23.8,325.1199272432731
19,Male,64.0,239.2,87.6,329.4153311699296
64,Male,74.7,146.2,54.5,198.5208538272014
61,Male,63.1,316.8,63.2,149.78233301251888
47,Female,93.0,135.0,20.0,86.41709062716326
44,Female,63.8,171.5,37.2,112.36040627246196
24,Female,77.2,256.7,58.2,0.0
37,Male,90.8,248.4,46.8,36.48299039575676
48,Female,76.1,244.0,58.9,211.9640341726791
40,Female,70.6,165.7,92.1,308.71134993030006
30,Female,76.8,175.2,60.1,134.9611935727974
34,Male,68.3,157.2,41.0,117.84382456247675
21,Female,63.0,184.0,37.0,0.0
31,Female,82.4,219.1,34.7,274.3400271893551
37,Male,68.0,156.9,41.4,20.468472753751847
30,Female,86.2,112.6,42.3,2.8270802653254004
20,Female,84.6,258.5,52.4,127.4140055779162
43,Female,77.0,191.0,60.6,155.02335266808942
43,Male,86.7,237.4,58.7,192.6489411140475
35,Female,68.5,184.5,52.6,64.5662196440339
49,Female,84.4,227.1,54.0,173.2343176628224
31,Male,84.3,316.3,100.7,127.76511841986292
64,Male,71.4,142.8,35.6,147.2766442451969
20,Female,69.8,161.1,49.3,121.89390900417135
18,Male,78.9,155.0,14.3,111.293271013056
43,Female,98.6,305.2,42.3,26.058288446520642
41,Male,72.2,199.1,32.0,43.684730622576986
52,Female,69.6,244.4,35.4,39.01639163213903
31,Female,89.1,67.8,26.3,180.7084990565614
20,Female,75.8,218.7,23.0,204.32116270846137
30,Male,85.4,182.0,52.4,183.77343589080465
64,Male,92.7,269.4,64.2,183.82207668957358
31,Female,52.1,232.9,34.6,280.2907361252849
38,Female,74.5,179.0,9.4,214.4367372157728
43,Female,72.2,279.0,52.2,328.24850633465513
20,Female,63.5,283.6,59.4,84.74466279911407
57,Male,52.0,275.3,63.5,41.93463119244348
21,Male,55.9,238.1,29.6,358.6955928243846
53,Female,76.3,186.1,37.9,156.46218276310046
60,Male,68.6,211.6,27.8,99.28772979031605
18,Male,65.4,179.2,35.2,252.56025606045603
57,Male,76.1,211.1,34.2,103.15959346666963
64,Female,66.7,170.3,39.8,212.57486291077066
50,Female,90.5,191.5,45.0,161.1535116443497
24,Male,67.5,307.2,52.3,180.0211013275668
28,Male,93.1,215.5,33.1,0.0
44,Female,74.6,178.5,47.2,57.16632733136325
31,Female,67.2,145.0,31.9,284.04983740562363
39,Female,66.3,195.0,14.9,286.38630607188344
33,Male,93.2,237.3,60.8,516.7232656448316
63,Male,83.4,206.8,36.7,268.09794801142885
29,Male,65.9,197.3,15.3,60.03132456168309
63,Female,76.4,221.3,61.2,309.76753203780635
27,Female,46.7,219.7,45.0,100.92202742550349
41,Female,59.0,235.3,59.1,88.65183116795141
63,Female,66.0,236.6,58.4,155.56765168793683
35,Female,65.7,195.6,28.1,310.1788653525172
39,Male,89.6,193.1,68.6,170.5394481677357
26,Male,52.0,200.0,13.3,202.3332610315967
34,Male,57.9,228.0,42.1,0.0
55,Female,80.4,256.1,40.7,148.76742486222943
57,Male,77.8,183.2,34.5,303.72417723979277
30,Female,70.8,191.8,74.5,143.92602917047208
54,Male,99.6,159.3,56.0,222.8802996510411
23,Male,82.4,125.2,21.8,242.32930894639028
38,Female,89.7,138.1,24.7,38.99719259420762
53,Male,74.4,149.8,93.1,0.0
24,Male,68.5,166.7,40.5,209.11975832327028
53,Male,68.6,223.0,34.1,155.1987363252542
42,Male,86.1,146.4,73.1,253.0225312511074
28,Male,84.3,200.9,14.5,533.1893941642396
61,Male,72.4,241.9,77.7,365.6047878516437
31,Male,80.7,158.5,34.0,0.0
62,Female,86.6,175.4,60.3,440.63346534853815
46,Male,68.2,134.0,40.4,279.57466233434394
27,Female,70.9,152.4,18.5,126.55088914490707
22,Male,80.4,268.5,53.6,417.3263686357545
25,Female,53.5,225.2,69.0,0.0
63,Female,80.6,307.5,3.0,79.44918433828174
22,Male,61.5,163.1,26.9,248.4721078012863
41,Female,86.3,275.4,74.8,147.75142756703926
57,Female,100.8,163.6,58.0,326.6219974702469
43,Male,66.6,174.9,59.3,329.18368792318694
23,Female,58.8,336.1,68.6,192.23852504378127
33,Male,72.8,158.2,59.4,166.5779223425418
53,Female,71.8,279.3,52.9,207.613675245022
29,Female,82.9,198.4,72.3,85.29477408121895
28,Female,77.8,146.2,42.2,245.17559162742634
20,Female,71.4,128.5,49.7,72.9394671430804
61,Male,76.1,205.3,66.5,231.21693969734343
54,Male,61.5,143.8,34.7,6.160870535547825
23,Male,85.0,185.2,78.5,346.1222696983271
36,Male,94.4,104.8,55.8,155.93040334060197
35,Male,60.6,217.7,27.0,15.868097675713058
33,Female,56.0,122.9,46.1,49.38973559094812
40,Male,70.2,197.0,22.3,160.11673518835585
60,Female,60.3,130.8,51.7,58.51080578363102
54,Male,59.7,261.3,42.4,279.23778638635724
26,Male,58.2,94.5,32.7,166.31841743963125
20,Male,72.7,185.9,14.4,354.5539710840829
25,Male,70.1,228.0,34.2,179.31216642946902
55,Female,79.5,217.9,46.4,239.67215476355017
21,Male,68.2,137.7,42.6,199.10794739384272
29,Female,60.4,113.0,21.6,101.10640883386738
61,Female,74.8,239.1,50.4,38.83225666121404
48,Male,62.3,193.8,30.3,226.34615581442446
42,Female,81.1,146.4,68.4,187.70117648846767
33,Female,55.0,240.9,71.4,67.03871144880767
59,Male,49.0,171.9,44.9,191.08188045574659
31,Female,55.7,167.1,81.5,84.43189693364037
30,Male,70.0,156.7,47.2,412.9699138665812
58,Male,71.6,162.0,24.0,263.93079516694854
24,Female,76.6,160.2,73.7,138.1380408798388
29,Female,68.2,216.4,82.3,97.81118831808799
54,Female,64.8,277.5,69.9,214.12773944182234
21,Female,92.2,130.2,34.7,138.1421975297607
19,Female,89.0,182.9,25.3,155.34727492601695
52,Female,86.8,191.8,43.0,120.82361800274327
61,Female,78.7,223.2,99.5,36.11156560271456
20,Male,79.7,249.4,26.5,370.25277234750655
21,Male,65.3,192.0,66.4,291.67856755615
55,Male,76.7,168.1,48.1,197.09642022066706
29,Female,63.7,228.9,68.9,122.53429993614213
36,Female,62.4,118.0,24.8,59.62153731291272
27,Female,55.6,92.8,45.0,2.4501620831135837
18,Male,79.9,329.5,32.0,81.32508640733545
34,Male,77.0,159.6,33.2,323.4051039456566
33,Male,71.4,179.3,64.7,160.7455585661165
26,Female,69.8,227.2,27.6,269.8438806749478
26,Male,53.0,217.3,55.8,194.28663940218752
26,Male,78.1,244.3,51.1,85.12895171707152
29,Female,71.2,246.9,30.9,73.12151804000906
58,Male,85.8,127.9,35.2,223.50901029340787
32,Male,76.8,263.5,56.7,0.0
19,Male,83.5,225.5,49.5,104.82042327967517
28,Female,74.9,218.9,50.8,110.50728264211546
28,Male,77.2,221.1,45.3,341.61750248030097
25,Female,86.2,88.4,44.1,184.63368891635773
49,Female,72.7,189.5,49.6,142.9059755491615
23,Male,80.7,151.7,78.8,292.714488187293
37,Male,69.7,144.5,60.6,336.51955274819574
56,Female,73.4,175.6,47.4,135.49980015720038
52,Female,94.1,241.3,28.4,46.670652986101224
25,Female,82.7,214.4,41.6,184.4035691596644
60,Female,68.5,221.9,31.6,60.247368071880004
51,Female,80.1,177.7,34.1,0.0
36,Male,59.6,218.8,12.6,252.84501562379782
24,Female,72.3,190.0,49.8,213.9510220692255
48,Male,63.6,247.5,91.4,237.98349598655375
35,Female,80.4,234.8,53.9,172.40665936650439
57,Male,72.7,208.0,64.5,314.34726212311296
31,Female,78.4,159.9,69.2,53.589713805614295
56,Male,84.3,213.6,44.3,159.0477045844251
53,Male,69.5,212.1,45.6,26.70020379417826
34,Female,69.9,206.0,22.1,157.92254314370743
54,Female,74.6,176.2,53.9,219.87393477106536
61,Male,64.7,167.3,51.1,116.22440475739239
26,Male,74.9,216.1,32.9,328.23443478036256
37,Male,75.5,157.1,73.0,105.08441151279891
62,Female,77.7,187.4,34.5,200.658318042307
45,Female,80.0,229.3,106.9,0.0
37,Female,55.8,222.1,58.1,254.75738062952075
58,Female,59.6,142.1,49.6,42.19575417191892
53,Male,61.0,214.9,88.8,205.42042661302048
44,Female,76.1,301.6,4.3,243.61938444220334
25,Female,71.6,233.8,44.3,31.875729766401886
49,Female,47.8,186.3,41.3,290.9516610046985
18,Female,98.4,265.4,46.4,369.55105668749667
34,Female,51.1,310.0,54.5,227.9263472065403
26,Male,75.4,243.2,45.8,217.39718103501096
37,Female,81.8,113.4,78.0,107.80729940073948
62,Male,66.4,230.8,58.7,301.39366117390773
49,Female,82.7,267.4,59.7,192.657695879937
19,Female,62.9,96.8,59.2,0.0
49,Female,77.1,246.9,24.2,112.3490878941016
62,Female,48.8,189.8,54.0,86.2863995044901
26,Male,89.1,265.8,54.7,113.45962751567286
47,Male,75.0,196.4,27.5,107.68554939895274
37,Female,55.9,217.2,67.7,17.518387341474664
55,Male,82.5,218.0,9.3,430.36220445332077
18,Male,94.6,235.7,100.4,130.43773385074206
22,Female,63.9,222.4,49.2,148.84247347776537
52,Male,72.5,155.0,32.9,166.96243248090894
53,Male,68.8,186.8,62.4,132.57416318731856
18,Female,65.8,199.7,62.5,206.44447224008965
31,Female,64.5,261.5,90.9,95.11215927380717
26,Male,67.2,224.2,85.6,287.17836681292334
47,Female,67.9,167.1,23.4,296.32266427279126
41,Female,70.7,154.0,44.6,42.46720860323785
21,Female,69.9,232.7,31.8,169.38588292493532
31,Male,84.1,176.3,64.8,240.9359234811797
42,Female,83.1,237.7,78.3,30.258939021122682
21,Female,56.6,197.2,23.7,196.1023699500385
42,Male,67.9,273.0,48.7,185.5560832266378
27,Male,90.0,163.1,37.4,400.66048928759454
52,Male,78.5,271.9,66.9,306.4975097202278
24,Male,79.0,249.2,58.2,214.28371231621315
59,Male,77.9,178.0,73.5,162.31651503553292
30,Female,71.9,156.1,41.6,261.43606022671486
21,Male,74.5,296.4,47.7,125.23831752626482
60,Female,70.2,154.9,57.9,182.94179413337798
53,Male,85.3,215.3,44.6,176.3242552896546
31,Female,70.3,217.3,56.0,252.53108369417
35,Female,73.6,200.5,75.4,265.92341848965384
25,Male,83.8,239.1,92.7,282.9773293136366
49,Male,71.1,153.5,40.2,144.16725589781797
44,Male,74.2,296.7,93.0,190.41945401231254
59,Male,70.7,158.8,40.0,34.13773170363557
54,Male,73.9,192.8,67.4,260.83561323630653
40,Male,71.1,128.1,40.1,89.54433729600035
24,Female,68.6,252.3,29.4,327.80019955220064
29,Female,66.5,294.4,74.5,98.55442413342837
42,Female,72.9,300.4,49.0,262.2302648692631
20,Female,87.2,256.7,75.7,292.4673270028138
43,Female,82.5,181.4,65.0,249.52635317565748
21,Male,56.0,200.1,58.2,132.16676044757745
59,Male,69.9,183.9,61.0,124.41791678351167
53,Female,67.3,139.3,71.8,370.9696856404759
32,Female,56.3,185.2,68.5,359.9022309891559
49,Male,78.3,245.4,41.9,269.94797682907114
46,Male,73.8,156.7,58.5,141.84155422907074
27,Male,99.3,86.0,80.0,88.76816476483226
38,Male,71.0,137.3,50.9,115.15497511828823
33,Female,65.7,240.9,40.1,213.83412863586008
64,Female,64.5,114.1,37.6,331.46559617729946
36,Male,69.6,176.4,67.0,168.96501797041404
46,Male,82.1,180.8,45.2,399.4414623688034
35,Female,83.5,212.9,57.2,201.35793412397734
61,Female,110.1,211.7,44.2,107.54849514129965
33,Female,60.5,220.0,73.5,264.1180043800659
18,Male,76.0,192.6,53.0,348.37024642295864
19,Female,66.8,152.8,78.6,250.47027904501664
32,Male,79.2,245.1,77.8,155.01222222746998
56,Male,91.6,111.8,48.2,282.0280353198458
45,Male,85.3,239.1,76.7,384.1135062285156
18,Female,60.5,257.2,43.2,244.0133571342732
22,Female,83.2,316.8,55.3,213.22589078198965
59,Male,49.6,162.3,34.4,187.87597937130334
39,Female,46.4,172.0,61.9,279.54337708178565
53,Male,72.0,202.7,56.0,370.8604205468516
63,Female,82.3,198.9,60.3,92.9972217420265
30,Male,79.2,241.7,22.8,15.910408525162918
18,Male,97.9,226.1,10.2,467.75376808617256
33,Female,76.3,182.4,27.3,101.84376948186478
58,Female,73.7,195.1,60.0,78.79844348599143
39,Male,88.9,246.7,63.5,248.92803439811047
49,Female,70.5,136.7,72.6,103.30238029152817
33,Male,79.7,188.3,41.9,0.0
32,Male,80.4,227.7,54.2,334.72982010431946
63,Male,63.3,146.7,36.0,339.72827716774646
59,Male,79.6,23.0,77.3,56.62230650553595
29,Male,101.2,272.3,35.8,203.03519490816822
18,Male,88.6,199.0,73.6,72.22581960835014
34,Male,64.9,137.1,45.0,95.13428389616034
58,Male,103.1,246.0,81.5,130.18594423490023
45,Female,83.3,189.6,53.7,202.019215701115
24,Female,80.1,148.3,53.2,284.28173733285473
26,Male,73.8,218.5,34.9,133.90364157699165
39,Male,83.2,202.6,93.3,350.4318887230584
43,Male,76.3,169.3,69.8,317.78156027733024
29,Female,75.2,161.5,60.2,0.0
24,Male,73.4,148.7,54.8,14.569033460531742
63,Male,86.7,236.8,36.8,497.24870320117105
64,Male,85.4,137.6,63.5,144.8215326212161
32,Female,73.2,160.1,48.7,198.60898554108627
55,Female,56.8,205.1,51.2,155.50657759361667
38,Female,75.4,272.9,67.8,0.0
31,Male,66.4,206.6,55.7,100.91652325120099
19,Male,69.3,229.4,50.4,328.4672323531665
25,Female,73.5,205.1,78.7,49.14688680610645
62,Male,62.3,245.3,33.6,165.6140761125634
23,Female,55.7,296.9,16.9,27.420518036989087
54,Female,78.5,178.1,34.1,54.24664415056239
54,Male,75.3,200.7,53.0,117.15302601789215
50,Male,74.9,208.7,63.9,0.0
58,Male,81.1,226.5,35.1,396.5369243261309
23,Male,67.1,206.6,123.7,13.445513683944549
43,Female,79.0,172.8,53.6,136.31523767459302
56,Female,91.0,199.6,53.0,62.19028266797669
58,Female,71.9,321.6,24.2,270.93916979093797
54,Female,97.8,215.7,21.1,26.767375267923274
31,Female,75.6,104.5,14.3,66.41325329980866
54,Female,64.8,180.3,77.4,17.277119197570705
25,Male,85.2,200.7,74.2,0.0
56,Female,73.6,193.0,50.0,171.93813216582234
30,Male,87.6,196.6,25.7,200.98802101326916
30,Male,80.0,214.3,44.4,224.27228164446373
57,Female,71.1,225.4,78.4,203.13430095984742
60,Female,93.3,212.9,39.9,135.25484543844016
45,Male,69.0,247.5,32.0,150.76522255671958
35,Male,49.0,125.2,42.4,230.10791544702016
36,Female,85.6,187.4,44.1,90.89837843390885
55,Female,79.2,221.7,64.8,286.28041235576313
49,Male,90.4,212.8,5.9,169.2176005698065
39,Female,64.4,167.4,53.4,117.15136426228278
19,Female,72.0,173.4,36.1,224.23390250885637
30,Female,70.7,157.9,39.3,381.89835864813716
40,Female,86.2,248.8,65.1,38.466774632974065
42,Female,82.8,107.4,24.0,30.553771032252946
45,Male,77.6,135.9,53.6,188.0614723427234
28,Female,77.7,220.9,59.6,82.06781894347566
50,Female,61.2,227.2,61.6,237.04344632286188
41,Male,84.2,120.8,64.1,219.76924870765498
19,Male,84.5,231.3,61.4,51.53559260915038
47,Female,102.5,209.0,64.4,213.7723747054936
34,Female,80.6,225.8,32.4,289.9744833278773
57,Male,82.6,203.6,77.3,95.84855382150914
51,Female,80.7,221.3,26.3,167.42174109150886
55,Female,66.6,223.0,57.4,0.0
39,Female,90.0,223.6,36.4,103.42528349595659
22,Male,74.3,212.2,15.6,248.66157366721146
57,Female,72.7,195.7,38.6,137.592158205957
33,Female,73.4,196.0,47.6,167.53790075690574
30,Male,74.2,211.5,77.7,94.7453668142702
43,Female,69.2,241.3,86.4,238.13773200805917
48,Female,77.6,298.2,47.4,100.34945214359911
56,Female,73.8,226.4,22.2,29.466461777091872
40,Female,72.8,218.9,23.9,127.82903209934142
29,Male,80.9,260.8,65.4,302.82606765738734
31,Male,75.9,219.8,64.2,249.8420205814721
35,Female,68.4,147.0,37.9,88.76634301399189
44,Female,65.8,163.3,26.5,265.3415048732252
45,Female,76.2,291.4,69.8,128.20864825717896
35,Female,66.0,164.3,25.4,0.0
33,Male,65.2,228.5,41.1,257.96082317612246
33,Male,65.3,150.6,59.5,200.41379870521217
30,Male,78.1,264.2,10.0,183.1144427832253
46,Female,89.3,177.0,69.1,198.27521455845437
26,Female,79.2,204.1,97.6,99.17360843194086
43,Female,85.6,188.6,52.3,117.68721908258419
45,Male,74.2,225.2,49.3,30.08695361609751
58,Male,76.7,208.6,50.9,134.683420147727
30,Male,94.8,245.5,54.5,213.34232936852825
53,Male,84.9,232.8,35.4,111.35664842934452
26,Male,86.2,214.1,27.5,0.0
64,Female,71.8,232.6,42.9,191.53751158374223
31,Female,74.9,235.0,53.1,176.53209553822367
29,Female,79.9,180.1,30.0,232.75632406183385
49,Male,67.7,176.3,23.1,79.0638261050987
55,Female,46.6,277.6,41.2,144.25025737144688
20,Female,79.8,235.3,23.3,148.13498789567302
33,Male,86.5,220.2,63.4,254.00684748480498
37,Male,75.7,159.9,-18.8,283.28494726509064
49,Male,67.8,110.6,26.6,11.57735528363475
40,Female,71.0,185.4,78.3,341.3947385734748
34,Male,50.7,177.4,45.6,39.82899677619438
33,Female,71.0,184.5,53.7,0.0
55,Female,61.6,242.6,47.4,0.0
25,Male,66.6,276.4,37.5,312.55561554751483
36,Female,61.0,255.5,71.9,315.0682750225484
47,Male,59.6,169.7,38.6,111.52411323851953
51,Male,63.0,226.9,33.4,0.0
31,Female,82.6,175.6,63.1,202.78637391148752
39,Female,68.9,107.9,11.4,21.48665390660459
61,Female,61.7,196.2,44.3,220.56501276032273
34,Male,84.0,263.0,39.6,82.81859358575748
32,Female,76.5,183.3,43.9,94.74021912459449
49,Male,46.6,241.7,40.2,268.62390222743323
30,Male,86.9,166.7,57.5,268.0934121528638
38,Female,75.9,234.4,72.0,130.21828328239266
57,Female,84.2,187.8,59.2,244.95726352642237
50,Female,72.3,276.2,43.3,267.68071557834264
44,Female,94.3,184.3,62.6,351.3352929604489
52,Male,70.4,172.9,65.0,177.85150141717534
33,Female,43.4,273.6,57.2,147.94645342184558
45,Male,64.3,171.2,71.0,390.3315529131615
51,Female,81.0,210.6,3.1,68.66755702536841
64,Female,76.9,171.5,50.5,103.46520563198732
18,Female,73.5,246.2,56.2,131.17068639519704
58,Male,63.2,264.8,20.4,201.22815479482043
48,Female,75.2,166.3,54.4,105.68329047178406
53,Male,74.8,227.3,68.3,82.52472890654187
61,Female,74.7,232.0,45.5,199.67864331991473
50,Female,81.5,206.3,63.1,114.48389662949317
50,Male,77.2,276.3,70.5,240.44819470467988
56,Male,72.0,275.9,76.8,193.113541953546
35,Female,63.0,157.4,73.2,174.03999132079406
40,Female,91.3,260.4,77.3,182.23959073746687
40,Male,98.8,225.3,40.0,155.482435899913
32,Female,95.9,212.2,42.2,89.62765646640084
43,Male,83.4,188.4,0.5,182.4718699773759
47,Female,54.9,125.9,28.7,37.662782831753276
42,Male,53.4,214.2,74.4,89.54192528224749
62,Male,68.4,215.4,37.9,301.6510695629724
33,Male,74.3,299.7,58.0,230.23146921930402
56,Male,73.9,166.3,54.8,66.9829310412655
62,Male,77.3,119.6,74.8,202.83843318995153
31,Female,58.3,141.0,9.6,0.0
34,Female,94.3,279.6,57.1,132.1906450370838
29,Female,93.1,177.6,56.7,109.21722015193416
46,Female,59.3,268.2,32.8,349.13764594471894
49,Female,52.7,200.3,69.2,182.4656189224027
41,Female,73.9,151.3,22.0,56.322050230936085
30,Female,90.1,300.1,71.3,48.57306976505059
37,Female,74.6,265.9,6.9,219.1030854171971
32,Female,78.1,191.0,31.9,231.6443525793558
21,Male,69.7,249.8,47.2,411.7944489609613
51,Male,76.8,206.2,54.4,339.4579989776604
45,Female,86.3,221.9,12.6,209.71539946230214
19,Male,79.9,288.1,70.9,389.2656606019116
64,Female,81.9,124.0,65.1,151.84219637391234
47,Male,55.0,182.1,88.1,210.9154286575294
43,Male,100.7,201.5,64.0,37.261263637774164
64,Male,55.2,216.7,35.3,405.7401558821515
43,Female,76.9,137.6,28.6,139.64830738498176
37,Female,73.2,245.8,41.6,146.65350789553318
59,Female,73.7,142.3,93.6,73.06468659870207
45,Female,85.4,137.5,51.0,297.4900878545312
37,Male,66.5,187.5,51.8,313.27479481958756
28,Female,69.8,294.8,77.6,49.518859628789215
27,Male,61.2,327.1,26.7,275.8287294495968
40,Female,88.5,224.4,60.8,224.4040024596269
54,Male,78.2,188.1,60.3,33.587564079091
58,Male,82.6,207.8,69.1,311.46794971325255
36,Male,84.7,216.7,67.0,257.1281985872212
62,Male,98.9,273.3,48.8,283.0266039649078
35,Female,96.8,139.1,22.3,330.3934924103277
44,Female,78.9,259.7,38.7,446.76294137817496
23,Male,76.9,128.7,66.8,376.92572312522526
27,Female,68.6,176.0,87.1,192.55349598090655
19,Female,83.9,199.9,25.5,205.1799310262046
41,Male,83.5,220.6,24.2,239.22632363654415
55,Female,66.2,199.8,18.5,387.40395665440934
45,Female,83.6,208.8,34.7,148.0116522211895
45,Female,87.1,202.0,69.0,96.62045848834342
62,Male,61.5,124.0,76.3,255.5181995121351
56,Female,77.3,228.8,8.4,323.13132233018996
19,Male,74.2,240.6,25.9,76.30848731332993
63,Male,74.9,267.1,22.2,106.15172247382634
22,Male,63.6,292.4,32.6,108.63812178185088
28,Female,53.1,220.5,45.6,24.5909457527962
27,Female,65.9,270.6,42.1,48.60967842994544
60,Female,64.3,200.9,60.3,207.8596760266872
19,Male,79.2,127.5,11.5,211.42723165082361
32,Female,79.4,248.1,39.6,19.306904915383743
56,Male,78.8,237.0,77.3,316.2167039836553
58,Female,58.2,200.0,78.1,173.10665068179478
54,Male,61.6,196.9,83.3,366.9340598391984
24,Female,67.6,223.9,57.9,92.24937786336842
37,Female,75.3,183.1,36.9,25.95376859623572
51,Female,71.0,222.1,53.5,204.68553587634
52,Male,78.7,153.9,100.6,305.06494342824294
51,Male,86.7,159.5,39.4,53.52569761074897
39,Female,63.0,134.0,86.7,151.11699589206364
48,Male,63.5,312.2,1.3,117.82072170535157
40,Male,76.6,203.7,61.4,362.8061378066108
36,Male,74.0,260.4,62.9,260.0843216850196
21,Female,83.9,145.2,57.5,287.05679442750136
41,Female,75.1,190.9,58.8,54.519087905386904
37,Female,95.9,227.6,60.5,88.66979194899666
56,Male,55.9,273.6,61.4,157.61266720781913
45,Female,85.1,169.9,43.4,91.4537823792786
56,Male,77.4,179.9,44.6,260.71871800790996
34,Male,58.2,160.4,22.8,55.612465755301024
36,Female,50.2,194.0,64.6,258.53600177336045
52,Female,61.5,149.0,76.0,294.00320638738873
49,Female,89.5,128.2,84.9,209.9230242006169
64,Male,88.1,212.9,33.6,253.16001852702087
63,Male,73.5,233.5,15.5,175.14129156925512
64,Female,70.7,143.0,57.5,143.55770415801487
63,Male,64.7,166.3,26.9,107.14635918549406
56,Female,72.8,195.0,61.4,149.2297424180332
52,Female,69.3,285.3,5.9,177.3205610952969
47,Female,95.5,58.4,71.7,56.621987104058306
34,Female,60.2,222.2,53.1,312.9704434216252
59,Female,79.7,234.0,11.6,149.14486529474036
64,Female,96.1,164.4,56.1,45.767158695996294
46,Male,84.3,182.5,51.9,157.96810529416715
23,Male,61.5,216.6,60.5,122.812507776243
34,Female,56.5,198.5,66.0,58.67864865505944
34,Female,78.3,285.0,1.7,256.86387494701336
31,Male,76.8,205.1,40.6,195.09987931491543
41,Male,89.8,243.1,48.2,323.7323089663455
54,Female,81.6,222.5,44.1,153.77062516086974
57,Female,69.2,234.7,43.0,201.56319637012837
56,Male,68.4,161.1,71.1,200.86578512937356
49,Female,59.3,210.1,15.4,105.57647896073968
53,Male,76.6,196.7,44.2,411.4203665275004
54,Female,58.1,164.2,45.8,203.09743369800586
31,Male,85.9,246.3,47.8,182.73789723630716
44,Female,82.1,99.2,30.5,207.15130721711074
36,Female,81.7,267.3,92.8,259.49437386813617
48,Female,59.1,89.1,69.6,194.91334556037822
63,Male,73.2,192.3,94.2,438.3015307584448
26,Female,70.3,247.1,62.8,96.56664155354514
55,Male,76.2,140.6,65.2,82.81230802673186
34,Male,81.3,221.2,49.9,163.05771471938283
36,Male,68.8,215.8,81.3,204.91020560371405
61,Male,69.3,216.3,61.3,451.46621686683005
21,Female,83.2,182.6,46.2,121.84229909742236
28,Female,61.4,176.7,86.9,207.23842576923838
39,Female,66.0,121.5,23.9,270.5591770703069
21,Male,75.1,194.8,35.4,265.65942159611484
34,Female,85.8,245.9,106.2,88.27198134699611
25,Male,63.4,177.2,63.4,30.178266056973442
63,Male,96.5,179.7,-2.7,369.10143610049806
51,Male,58.8,279.5,70.4,58.0095804310165
28,Female,93.6,191.8,29.5,97.45239617811748
48,Male,89.4,217.6,38.5,194.72159280627454
28,Female,57.8,226.8,101.0,242.06374881993068
55,Female,55.4,191.8,83.1,273.7896738065125
38,Female,83.6,234.1,90.0,148.41923323569634
63,Male,70.5,249.5,37.9,331.56942772936503
47,Female,62.9,245.2,44.2,296.8002489732962
27,Male,96.7,250.8,54.4,144.80079019765822
43,Male,60.7,95.9,67.4,142.446831489888
44,Male,66.3,141.4,43.2,296.1391865768076
25,Male,67.7,174.3,87.6,471.870310087071
56,Female,41.4,160.2,59.8,87.56027769194438
25,Female,76.1,164.0,79.8,0.0
25,Female,64.1,244.5,34.4,210.54544568892712
51,Female,84.7,205.3,41.6,243.6375178797952
33,Male,86.3,193.2,54.9,223.16228196575827
58,Male,77.8,188.7,40.8,508.1196214853664
30,Male,77.9,180.0,71.0,95.46428094606637
40,Male,77.0,187.9,71.4,96.78440982374902
29,Female,66.6,269.4,45.2,63.4246216212207
44,Female,67.6,111.8,63.2,150.40426310391072
39,Male,90.9,263.7,90.8,219.8956921998106
49,Male,83.8,314.7,70.9,98.76859429952138
44,Male,77.5,263.3,63.0,333.4944241046695
19,Male,82.2,150.5,75.9,218.30049568550461
62,Female,74.3,175.7,83.6,50.47962571744569
50,Male,77.2,251.7,80.4,267.07821108391084
43,Female,82.1,187.6,48.6,115.70559574232124
45,Female,50.1,174.7,68.0,136.1471901851393
36,Male,85.9,195.0,44.0,293.41035982677556
60,Male,85.0,143.9,48.9,320.543832580839
22,Female,65.6,193.5,59.6,214.2225586936237
50,Female,89.9,139.7,21.0,151.37972617335285
37,Male,48.4,236.1,57.4,78.70743579411507
47,Female,79.2,157.8,36.2,111.39536234052254
62,Male,75.5,202.6,26.3,201.1315955988788
25,Male,71.3,177.8,65.9,444.4621212001933
55,Female,75.2,219.1,44.8,81.4077812899817
34,Female,82.0,241.1,54.4,155.0168249681342
61,Male,53.3,214.3,45.3,36.43891331395378
18,Male,87.0,165.0,37.7,257.73538347160206
20,Female,70.1,171.8,52.4,158.0732821481537
63,Female,87.2,318.0,22.8,148.81281870374139
43,Female,82.7,247.4,48.1,227.1491762830823
48,Female,69.8,190.1,89.6,80.63308106021792
25,Male,74.0,171.3,26.0,361.726963807391
60,Male,74.8,128.1,78.5,94.90069025676785
63,Male,94.3,256.4,91.7,387.80792551202705
25,Female,61.3,164.5,34.3,0.0
52,Female,69.7,252.7,56.6,184.67899871746982
56,Male,56.0,241.4,24.0,308.976379386559
45,Female,76.5,267.6,21.0,92.99536960001295
21,Female,67.5,237.9,53.3,154.01118791666408
33,Female,69.0,189.5,58.2,91.08051607562349
30,Female,92.8,200.8,38.7,178.38038156142417
37,Female,65.1,201.2,27.4,184.6387129318598
22,Female,73.1,186.6,34.3,406.91929726253267
54,Male,69.5,118.8,67.8,14.675683570262333
37,Male,70.3,92.2,68.0,229.9881255366387
41,Male,108.3,237.9,62.9,131.13126531889787
53,Male,54.2,191.0,42.3,217.27010547690253
51,Female,82.7,248.0,28.5,136.44457451257242
62,Male,104.1,181.0,76.3,159.83481754175594
51,Male,87.9,199.9,82.8,139.0678367407637
36,Male,75.6,246.5,39.5,274.88129578941084
34,Male,60.9,277.8,46.8,140.8719103338282
22,Female,90.7,184.2,20.7,151.26738883180803
42,Female,86.2,150.0,60.7,148.16987366611167
35,Male,56.6,260.7,91.5,103.92900942933413
25,Male,71.2,185.6,68.9,316.22576669633605
44,Female,60.5,175.7,94.2,51.72499961532347
32,Female,40.7,180.0,42.2,203.4799925707686
62,Male,60.2,164.1,23.8,248.5560324425749
30,Female,76.3,238.7,80.1,129.75328162289762
33,Female,82.0,133.1,53.4,33.47583866418566
39,Male,71.1,205.1,32.1,200.16851499107716
37,Female,91.5,212.5,87.4,47.8417332720269
30,Male,87.4,170.1,37.9,184.56708237079795
37,Male,73.5,279.4,27.6,280.22172540259174
19,Female,72.0,244.9,62.0,128.5815936580202
52,Female,79.6,177.3,24.0,228.39178157286912
64,Female,74.8,194.7,70.4,169.3434205442468
36,Female,57.9,244.7,27.0,186.92759301515562
62,Female,71.5,204.0,55.0,219.2242982909498
54,Female,83.0,270.1,56.3,288.41567215981814
23,Male,90.8,228.3,55.3,27.92890704994647
31,Female,86.5,212.6,24.2,85.68393483252851
21,Male,79.0,212.2,46.1,194.96217387969278
39,Female,92.5,357.4,77.5,250.6618111373782
56,Female,80.1,149.1,46.0,174.69555740079437
53,Female,73.9,145.3,27.0,124.43168745306579
51,Female,92.7,187.9,41.1,259.21207046503736
44,Female,83.6,270.2,24.8,105.26818361007884
24,Male,90.6,76.8,6.4,157.47877306444016
20,Male,60.7,104.8,46.5,271.32469935380186
64,Male,64.7,180.0,52.0,538.7481094860684
50,Female,65.2,306.0,64.0,151.7128103612138
19,Female,77.2,201.3,59.3,88.83636258007385
59,Female,96.9,141.9,62.3,78.87707178913232
33,Male,61.3,241.1,49.2,137.91611507355978
42,Male,85.9,283.1,92.5,414.5712907248365
32,Female,60.6,168.1,33.2,113.23586432418546
41,Male,100.4,222.7,43.7,229.80484406407746
32,Female,55.8,207.8,83.2,149.08171353106843
48,Female,83.9,228.6,42.2,16.77412603092428
31,Male,85.6,177.1,47.8,164.2005538245294
31,Male,82.4,231.4,58.1,0.0
23,Male,64.5,241.9,73.3,228.13694554348064
31,Male,62.3,235.7,52.8,258.9388411180939
34,Female,90.3,118.9,32.3,53.89604132803053
35,Female,87.6,128.3,41.8,77.42366737345257
37,Male,87.4,165.5,60.8,23.744599096274737
34,Male,88.9,213.4,44.1,0.0
33,Male,56.6,228.0,40.7,0.0
57,Male,56.2,147.3,31.4,268.32583007068627
56,Female,66.9,216.2,73.9,98.7938341709156
49,Female,69.2,247.3,47.6,136.93563758418014
61,Female,68.0,233.4,47.7,318.0114674603902
26,Female,78.3,177.0,63.6,222.36066423954475
44,Female,88.4,181.6,22.8,169.8695753444394
63,Female,71.5,135.1,50.8,101.0265393882302
50,Female,65.2,287.0,80.1,335.747246458941
27,Male,84.8,223.7,48.7,360.13567589140825
34,Female,71.6,119.4,54.4,256.11750732169304
53,Male,76.3,261.3,53.9,185.6115269490065
34,Male,71.0,232.9,71.2,69.03864816052125
35,Male,79.1,259.7,54.0,385.5960004912849
40,Female,62.8,172.1,99.4,207.66526315502892
51,Female,83.7,179.0,54.6,133.61688588993377
25,Female,74.6,159.4,41.3,132.21351312992735
30,Female,65.8,305.9,80.2,29.799077736959877
40,Male,81.4,175.0,45.8,277.11286518230514
37,Female,65.8,152.2,38.0,177.91593101769556
39,Male,66.3,167.7,26.2,283.9225140847644
64,Female,60.6,183.7,59.6,251.73224233774658
40,Female,54.6,277.8,40.9,197.2908117975624
58,Male,81.4,213.8,34.5,89.2809997115963
52,Male,89.0,261.7,38.7,182.80916100006291
20,Male,69.6,214.3,42.7,242.39507750302596
51,Female,65.4,191.0,66.7,164.02370126881166
50,Female,53.3,147.9,59.7,0.0
63,Male,48.9,279.7,47.1,69.21124125582467
34,Female,83.7,249.5,61.2,176.10553430419856
62,Male,51.3,254.1,47.9,282.6509587919671
36,Female,61.3,246.3,54.1,341.9575947671182
47,Male,78.4,164.5,36.7,0.0
40,Male,76.1,213.3,36.8,324.07968439635016
32,Female,78.9,254.3,53.0,170.24566896288349
31,Male,75.1,247.2,53.1,62.68468462379582
19,Female,70.7,207.8,70.2,0.0
56,Female,61.3,298.7,60.0,251.8956502369041
35,Male,67.4,226.6,40.2,71.16213891476256
23,Male,71.5,266.1,24.4,25.88098246547988
49,Female,52.3,210.0,67.7,180.4298757053547
38,Female,65.6,181.4,56.6,124.48852014840698
57,Male,70.5,248.5,69.4,263.32365365074196
45,Male,66.7,236.7,59.2,253.34465721321467
44,Male,70.9,217.3,86.1,588.7589619038538
19,Female,83.0,157.7,45.7,193.7455229877995
50,Female,84.5,250.5,50.8,216.4132885344813
33,Female,93.1,160.3,65.8,64.82699867064213
56,Male,56.9,238.9,67.3,421.4202902392588
39,Male,70.0,145.2,56.5,133.1088650929619
60,Female,89.7,157.6,18.2,64.53609670541432
64,Female,54.1,214.6,14.6,108.23071165580996
30,Male,60.9,228.9,42.3,277.07367987291
19,Female,67.6,210.8,50.4,87.89620033528692
31,Male,99.5,173.6,12.6,78.74347973771714
55,Male,63.3,255.7,49.4,80.1288268161845
58,Male,88.0,206.9,63.0,213.970551263877
45,Female,74.7,209.7,48.8,167.42275965945106
24,Female,61.2,192.1,55.9,188.09102440877064
35,Male,108.6,163.9,61.8,0.0
58,Male,77.3,256.3,18.0,97.29996724818486
53,Female,79.5,167.9,63.1,254.3604483125089
58,Male,81.4,284.9,35.3,153.82850805993323
53,Female,80.5,158.8,45.2,146.3689428103821
61,Female,100.8,216.1,36.8,397.8946987420117
21,Female,96.4,203.5,71.5,0.0
47,Male,63.8,194.4,26.6,203.3548626143084
41,Male,99.2,234.1,77.6,329.3271157906443
37,Male,66.6,239.5,97.8,74.15740630222413
63,Male,78.9,226.8,19.0,175.54470919632158
48,Female,57.6,146.8,38.3,26.932436181061224
41,Male,87.4,141.4,62.2,263.02875425560296
24,Female,71.3,138.4,30.1,81.69827530261253
43,Male,61.2,187.8,44.6,142.63289753798463
30,Male,89.3,305.8,53.5,359.11017647704074
25,Male,92.2,197.5,35.7,272.1733635240021
22,Male,92.6,305.0,51.6,311.5288853803566
61,Male,56.7,198.3,69.0,483.260072874534
30,Female,93.9,208.0,48.4,149.63982377217187
46,Male,71.4,229.8,29.2,475.9159597489444
37,Male,99.6,185.4,73.3,238.39148144890822
31,Male,82.5,211.4,77.8,404.7904528120772
49,Male,78.0,114.9,57.4,213.72846995788723
44,Male,75.1,155.5,30.4,338.4538831760199
42,Female,74.8,115.9,32.4,96.6160265544687
21,Male,66.8,236.3,2.6,411.9031453217083
38,Female,62.2,131.8,38.2,266.864310893594
35,Male,70.6,270.6,71.3,180.07806923595464
56,Female,89.3,217.8,36.3,146.38881973079467
32,Male,58.2,248.0,30.9,73.45590223546463
55,Male,91.1,167.7,70.5,340.2452116612537
41,Female,76.7,143.8,73.0,232.45076595376642
25,Male,84.4,182.6,39.3,38.742242015819905
45,Female,85.0,253.2,60.2,399.1014874804551
38,Male,86.1,305.8,32.6,247.72558193571456
33,Female,75.3,225.4,43.1,129.16933328806488
33,Female,75.6,134.2,13.6,249.79781234375346
52,Female,85.7,151.4,57.2,100.17339048408209
34,Male,62.5,125.6,47.9,361.80893786249266
26,Female,60.7,193.5,36.6,33.78583045929746
52,Male,69.4,186.1,48.2,166.53773470381194
46,Female,78.5,193.2,45.7,126.85237739604419
56,Female,98.1,146.3,33.5,96.70319194507974
35,Female,75.6,141.3,58.0,70.98332892812047
29,Male,99.0,204.7,44.0,138.3135024053325
36,Male,81.2,224.2,47.3,117.68297012459695
39,Male,69.6,140.8,20.8,147.81356743219084
32,Female,88.8,223.7,47.5,306.76634884644005
18,Male,72.1,247.3,46.4,240.01202507052722
19,Male,78.0,83.5,33.5,175.0670455013744
25,Female,59.0,278.8,60.6,201.27090759216577
39,Female,56.9,235.1,7.8,151.92657009152987
42,Male,81.6,247.8,40.4,88.9064205715623
19,Male,88.2,149.0,56.2,0.0
26,Male,98.3,239.4,92.0,320.00339062128137
26,Female,65.3,245.1,22.7,0.0
30,Female,92.6,167.4,51.8,0.0
23,Female,90.8,239.0,61.0,185.6251818130161
47,Female,69.1,193.1,51.3,134.11356030634133
32,Female,91.7,169.1,25.4,249.70228723403966
32,Male,86.3,190.2,40.3,112.17255964837464
24,Male,88.7,208.4,1.2,335.69735498428116
28,Male,101.0,184.9,50.1,192.53087058868587
57,Female,88.2,160.4,21.7,168.13022763667274
55,Female,49.4,219.6,59.1,149.72111262642687
57,Male,78.9,228.0,36.9,291.7136948502595
19,Male,56.2,207.3,35.0,235.51967232462206
56,Male,76.8,119.1,53.3,261.76721406275493
27,Female,76.1,170.8,55.2,38.535653138494084
61,Female,68.0,157.8,67.4,143.186704896535
34,Female,62.7,286.6,44.8,169.11818148637076
24,Female,68.6,205.9,47.9,140.99203132417568
57,Female,71.0,186.0,22.3,117.91360316662607
56,Male,73.4,172.1,79.0,0.0
21,Male,76.3,193.8,31.3,450.8436138009649
52,Female,82.0,237.6,64.5,11.395580903104
64,Female,71.2,108.5,64.6,73.75500621708058
53,Male,90.4,211.5,58.0,86.81490913126812
48,Female,74.5,174.8,45.3,171.81652847583734
42,Female,86.1,221.5,42.7,152.61850249879876
58,Male,71.3,240.0,48.7,260.9406564467652
30,Female,107.9,165.2,11.9,193.27034131604032
35,Female,80.6,131.5,49.5,301.51571590667714
38,Male,94.6,184.8,79.7,149.6748233749515
18,Female,66.7,264.4,45.5,56.88591732539946
53,Female,69.6,241.8,49.3,118.13485967658457
25,Male,72.0,181.1,29.5,58.40965512301951
38,Male,104.7,168.3,53.7,159.5828309213146
60,Female,72.4,172.0,34.4,0.0
38,Male,65.1,135.1,67.0,88.16816135249
44,Male,90.6,239.2,72.8,0.0
36,Female,75.7,248.4,77.2,286.66073260482784
40,Male,72.4,180.6,21.1,233.41478974904328
60,Female,67.7,175.0,64.5,351.00318576050853
52,Male,80.9,165.1,62.9,386.09718597132144
57,Male,87.8,177.5,41.7,384.3826242644476
59,Female,84.5,163.2,73.9,149.30846700539368
22,Female,69.2,192.2,58.3,190.77603045803724
58,Female,63.1,239.3,77.5,58.74619533526281
25,Male,26.8,234.2,24.6,138.22598106849907
28,Female,63.7,158.1,35.7,164.11665442141663
33,Female,70.5,207.6,51.9,0.0
56,Male,74.3,232.3,73.5,128.83367327696567
64,Male,71.8,153.0,59.1,307.2873510829356
41,Male,108.6,207.1,31.0,148.02186886217635
38,Female,80.9,260.7,85.5,73.85624712892778
40,Male,60.1,187.8,44.1,160.2330740052299
55,Male,82.9,99.1,31.7,315.9072307410333
64,Female,79.7,74.1,34.5,170.0443432263532
25,Male,62.4,215.5,23.4,155.4956914727206
24,Male,78.5,205.3,5.1,183.95915877393313
19,Female,81.4,209.4,47.7,227.15781051405415
47,Male,87.3,224.5,18.9,347.8219055196295
30,Female,53.7,126.0,56.3,84.48356779991434
40,Female,82.8,159.7,69.7,146.78260073084235
46,Female,91.9,221.2,57.5,300.7378036707818
55,Female,97.7,236.8,50.9,165.82978502405655
54,Female,60.3,187.2,19.2,10.09102561497359
37,Male,73.2,128.4,66.9,83.42713191639255
50,Female,74.4,217.0,88.9,55.66680408147494
46,Female,83.1,202.6,78.2,93.14423017256745
32,Female,73.0,147.1,23.4,188.49807934314092
40,Female,66.4,100.8,48.4,275.28162984092086
59,Male,77.6,228.6,44.3,192.84180488047224
20,Male,70.9,169.1,42.0,320.28636556024907
54,Male,81.7,209.3,50.5,370.9799067562291
46,Female,65.3,207.5,93.3,280.47087790728403
62,Male,62.7,142.7,52.1,339.4385354011559
25,Male,90.8,220.9,41.1,94.00820127729659
39,Female,102.3,157.0,56.0,3.9221233648955227
46,Female,96.9,125.2,23.7,84.16631596853236
19,Male,74.1,118.8,35.7,242.67064329599222
58,Male,87.7,199.8,69.7,101.27806339477773
62,Male,66.8,279.7,53.8,0.0
18,Male,81.1,202.1,92.0,39.03197783635136
61,Female,68.0,289.2,55.4,423.0380622939928
37,Female,90.1,272.4,25.1,137.66199657473825
38,Female,88.5,225.8,18.3,335.3069183756571
54,Female,99.9,278.7,70.0,105.98193422280583
25,Female,72.2,273.1,29.2,207.82880383133647
44,Male,93.9,258.9,27.4,167.2145478512224
64,Female,81.1,105.8,39.7,162.67672138717907
52,Female,75.9,188.2,69.9,231.8093356247113
23,Male,79.0,165.3,42.6,133.63950315847939
62,Female,95.4,258.6,33.2,29.935445555574137
61,Male,73.4,184.6,74.3,91.26082925558723
36,Female,74.0,287.6,70.8,66.67600978156527
35,Female,50.2,205.1,83.3,145.63763912351226
18,Female,73.2,198.6,77.0,0.0
42,Male,78.2,181.1,71.2,236.1779486121006
44,Female,65.9,190.8,35.0,285.31271314571273
24,Male,62.9,213.4,63.2,139.09223184195466
61,Female,52.8,196.7,74.3,70.83308009563392
59,Female,68.0,176.8,87.1,378.2320848298014
46,Male,92.1,179.7,53.4,413.00698847545954
48,Male,57.2,291.1,40.2,287.4035433023575
61,Female,84.5,299.9,32.3,65.56007144664727
60,Male,85.6,176.5,69.6,303.7283809132786
53,Female,104.4,242.4,36.7,45.875249697572535
36,Female,87.5,158.6,52.1,14.280619966879721
23,Male,86.5,183.7,32.4,263.31987270940084
42,Male,79.4,145.6,46.8,137.97077730957224
48,Male,75.0,251.0,58.8,0.0
26,Female,85.2,224.2,55.4,201.41715823643077
37,Male,90.0,233.8,64.8,365.3312437502669
27,Female,77.0,244.4,22.5,197.54497170255323
54,Male,90.5,156.5,47.7,150.14671365588072
44,Male,109.6,183.8,40.6,0.0
30,Male,75.9,222.3,30.4,242.45110267362494
58,Male,76.2,182.7,35.0,125.62444170335434
19,Male,73.9,203.5,32.1,82.3321200360437
38,Female,76.6,160.0,57.0,0.0
50,Male,89.7,266.5,58.0,415.710251480735
41,Male,76.0,246.9,67.5,55.29175082379744
61,Female,77.3,261.9,56.6,0.0
59,Female,72.0,233.0,53.2,296.6373285251375
51,Female,80.9,145.3,51.6,141.5086319798677
26,Female,69.0,176.0,63.5,129.1969027577747
19,Male,60.3,164.9,7.9,249.5140550649981
47,Male,80.4,187.1,48.8,278.15633738379506
39,Female,98.8,252.9,56.3,143.00914270621004
63,Male,71.5,126.4,85.8,0.0
28,Female,62.5,170.8,27.8,0.0
60,Female,98.0,180.3,27.1,69.46103051311162
34,Male,75.5,134.3,4.6,132.6495664056943
53,Male,86.3,210.2,22.2,168.35874283511902
30,Female,66.3,182.9,47.0,162.4460056760137
24,Male,75.1,255.6,35.5,182.68154627963872
33,Female,91.8,186.2,35.1,86.56718206929031
50,Female,76.6,222.9,50.5,162.55984968068523
62,Female,76.7,205.7,61.6,217.48604601429736
18,Female,57.1,75.9,50.3,56.06021687055747
28,Male,84.4,128.2,50.5,16.59787540788658
23,Female,65.6,219.2,58.1,150.36634210584106
37,Female,88.4,216.9,13.3,101.61992713003048
52,Female,77.4,196.6,52.6,192.08548288789277
61,Male,78.5,266.5,48.5,75.25075443775629
54,Female,84.3,225.5,49.9,28.317797183379277
58,Female,79.5,278.5,38.3,77.43156940408481
43,Male,95.6,77.0,45.9,251.262784034817
29,Female,93.7,286.7,58.1,126.03237686811926
47,Female,60.4,169.6,82.2,139.58893902751947
45,Female,73.0,201.2,16.2,87.76188215987389
44,Female,85.0,259.3,61.4,209.02977656637998
59,Male,63.7,94.3,74.4,288.00146711244423
36,Male,56.2,187.3,24.6,0.0
22,Male,65.9,250.4,46.4,357.2418079135197
22,Female,73.6,169.1,55.5,169.75313016659553
58,Male,26.2,245.7,90.2,364.1357730323444
44,Male,61.6,233.8,93.5,128.14609181848368
45,Female,53.7,208.5,24.6,46.407714039434815
43,Male,88.8,229.9,44.0,181.98417625439615
44,Male,86.2,264.7,54.0,211.2960002457001
59,Male,78.3,230.1,61.1,377.0378219398165
38,Female,76.2,246.5,54.0,214.5586162778249
18,Female,81.5,155.9,31.0,174.21646789344004
45,Male,63.0,229.1,30.2,201.51075766606442
32,Male,90.0,224.5,19.2,216.1121125189719
34,Female,76.1,256.2,9.6,93.68040474611357
43,Female,86.0,142.1,18.7,200.60752922874357
37,Female,85.5,253.7,73.2,4.350098894202084
42,Female,81.4,156.0,64.2,149.89733398808406
30,Male,78.8,317.0,61.1,368.9912901814225
50,Female,77.9,155.6,45.5,31.114842468422474
42,Male,74.2,141.7,49.2,494.15601238502944
25,Female,80.8,185.5,44.6,45.93762204957892
22,Female,77.5,252.4,18.3,101.3474079994361
23,Female,69.2,217.8,63.0,274.45534698187845
40,Female,82.3,284.0,67.1,260.72382033307014
47,Male,78.4,185.0,27.0,277.3883165006046
31,Male,89.5,175.5,27.0,261.34622463057
40,Male,53.3,163.3,57.0,415.29694106190783
28,Female,75.4,173.7,56.9,12.88735392591988
48,Male,66.3,130.1,64.7,0.0
23,Female,68.8,167.6,78.3,0.0
28,Female,81.7,139.5,28.8,65.7623176572878
30,Male,57.8,235.9,48.4,101.65507137036252
29,Female,76.6,274.0,30.0,151.68456039074255
19,Female,75.4,211.1,31.4,275.751276660979
52,Male,62.4,166.3,41.4,361.04645607464477
53,Female,76.9,237.2,78.8,256.5556402565082
34,Female,65.9,198.0,72.1,45.307168841492654
45,Male,101.4,250.7,48.5,247.5008366666633
45,Male,89.4,152.7,6.9,98.64840050936934
39,Female,75.8,156.2,57.9,202.34101378382462
55,Male,69.8,236.3,57.4,196.23330796920752
24,Female,81.0,199.0,31.3,213.30651437810423
32,Male,84.2,246.3,66.6,541.6920837413472
49,Female,78.1,157.1,30.9,156.04012564082785
28,Male,62.8,221.7,66.6,48.9408231626955
41,Male,72.5,227.3,54.8,0.0
20,Female,75.9,123.1,20.8,60.858130117339705
47,Male,78.5,199.8,42.8,330.70501938230797
23,Male,78.8,99.2,52.9,255.66224436900987
19,Female,83.8,273.5,56.0,150.00054043441122
31,Male,91.1,134.1,70.7,228.31950978074934
58,Male,87.2,190.6,73.2,282.65738616484384
35,Male,82.1,199.8,45.2,0.0
61,Female,59.9,151.9,61.2,201.40536422149253
48,Male,89.2,292.5,82.2,247.6255941340066
30,Female,84.8,165.4,29.6,5.236382990628151
43,Female,71.9,186.5,37.8,148.8994568680715
61,Male,75.4,165.5,16.9,25.38173833333115
29,Female,75.8,165.1,37.4,169.32103599380125
35,Female,69.7,194.6,54.1,160.5163088224264
26,Female,54.0,235.2,7.7,50.255103053378505
38,Female,61.6,208.0,58.7,179.99353039833073
57,Male,64.1,162.1,40.6,279.90232564712124
60,Male,51.4,199.7,48.7,119.59916799997292
41,Male,61.6,131.6,26.6,327.1245360334932
51,Female,88.7,259.2,48.0,119.66854470352594
25,Female,80.8,174.7,83.6,201.02213228286521
61,Male,63.3,177.4,42.0,186.96193105723492
50,Female,66.7,102.7,5.7,239.2438047250178
40,Male,89.8,174.7,74.3,75.43183061078538
30,Female,89.5,284.1,60.8,62.352706982274555
31,Male,75.8,230.6,51.9,91.95035998540037
31,Male,89.1,255.4,61.4,222.30209810866728
33,Male,65.8,205.8,51.7,173.9847158877682
55,Female,77.7,69.0,82.9,162.52181273332195
56,Male,57.3,203.5,65.0,46.67843698425125
43,Female,70.6,210.1,40.9,70.83357564207718
43,Female,75.3,244.8,79.8,237.80660791597523
18,Male,54.8,198.2,86.4,280.20776549080244
49,Male,82.1,161.4,68.2,257.5037600648725
32,Female,84.1,195.0,58.1,121.81670912103678
38,Female,87.1,182.9,32.9,187.1936539341338
35,Male,103.0,226.2,63.7,128.1886552376941
47,Male,80.0,195.2,57.8,0.0
30,Female,74.2,150.5,49.5,238.5012944254586
41,Male,55.8,228.3,64.0,224.39916824284947
47,Male,79.7,163.1,51.7,93.11428712570974
19,Male,81.7,184.2,61.0,201.62279664574552
36,Male,58.7,176.8,70.7,152.8952459955379
64,Female,72.1,211.9,23.4,250.23160072700978
61,Female,75.1,131.4,29.5,228.38802186321973
64,Male,81.4,201.6,31.8,42.36211677659494
42,Male,85.3,254.0,88.8,28.41575202537553
31,Female,68.6,204.8,62.7,143.83048990471855
23,Female,77.4,166.6,64.5,153.84407583432287
29,Female,81.9,181.7,72.6,177.24562193095971
37,Female,72.8,214.8,29.1,146.67751214379064
40,Female,69.9,228.0,9.2,87.11373043550313
47,Male,83.6,275.2,48.7,287.0818944582912
47,Male,72.9,118.7,68.0,260.98534451097026
55,Female,60.6,213.2,46.0,267.4076869812767
47,Female,91.5,209.3,22.6,223.47296963500068
58,Male,62.0,196.7,31.9,81.10264856025292
47,Female,73.9,217.8,26.4,168.544072204962
53,Female,78.9,188.5,37.8,102.49562642489093
51,Male,80.5,150.1,26.8,77.10246264542293
33,Male,77.0,210.7,52.9,0.0
41,Male,39.7,232.5,39.0,539.9110740271229
31,Male,66.6,197.6,62.7,114.80725323317095
43,Female,78.6,253.0,30.5,139.14904758945733
25,Male,73.7,188.1,55.1,233.4566797860906
31,Female,81.1,223.0,49.2,152.78571233175262
48,Female,87.3,120.9,57.9,0.0
19,Female,81.1,312.1,60.7,108.52897059237036
21,Female,66.3,188.6,62.9,275.61787419423206
18,Male,68.5,175.6,66.6,183.15853472319938
37,Female,94.6,186.7,60.8,306.2302932614037
31,Female,72.9,152.6,56.0,143.58156951859988
57,Female,73.9,141.6,36.7,99.74033536883246
42,Male,81.1,202.1,67.0,209.21598196497627
42,Male,89.8,205.7,36.1,189.3373430711151
20,Male,64.2,211.2,44.2,189.78205473372338
22,Male,69.0,198.3,32.8,133.69798557109013
55,Male,55.8,195.8,32.4,19.199583589940257
43,Female,71.4,139.8,43.7,179.7662477165897
57,Male,81.8,175.6,45.3,200.8789916549424
55,Female,70.6,208.1,33.7,313.07700702781005
55,Male,96.1,173.1,50.4,207.55647628173506
21,Female,76.4,214.6,53.1,0.0
24,Male,73.8,193.2,39.1,257.3730691836068
47,Female,70.8,192.9,95.8,146.61173451489054
47,Male,58.7,210.4,56.7,160.27704389625816
36,Female,73.9,224.3,52.4,202.67799669032877
56,Female,79.3,235.4,36.5,178.3100676083755
52,Female,73.6,299.2,52.8,31.698797940995338
57,Female,77.8,243.2,54.8,84.3175862763314
50,Female,67.0,126.0,49.9,274.89521634791765
50,Female,60.1,145.8,78.4,52.88290268904923
31,Male,73.7,186.3,16.0,174.95959197727237
55,Male,77.6,161.9,42.4,252.04805953153695
27,Female,73.0,219.5,64.3,32.312120453326585
45,Female,77.4,224.8,32.1,151.0430984323381
31,Female,84.3,175.8,19.1,138.36092683703805
53,Female,84.3,259.5,39.6,127.03521129646084
55,Female,85.3,272.7,70.9,0.0
33,Female,87.1,109.4,32.5,140.3837895447924
38,Female,81.0,128.6,42.9,84.5075277491225
45,Male,79.3,254.9,58.4,342.28715796618735
50,Female,98.3,243.5,38.4,157.04072694510393
23,Female,84.4,225.1,41.2,77.54524031149164
58,Male,64.9,200.5,37.0,162.36075141290246
32,Male,52.6,194.8,38.6,199.46552433107377
61,Female,72.1,226.8,26.7,110.33475723882886
20,Male,82.5,208.8,44.9,0.0
60,Male,86.5,265.4,71.3,260.73354655846526
64,Male,60.0,165.9,81.7,292.91707369912587
52,Female,83.8,200.9,75.0,220.80028512584687
31,Female,88.6,244.5,52.8,262.9093369635512
19,Male,82.3,208.2,83.2,86.79754524383686
46,Female,80.0,233.7,96.1,250.91382852505495
21,Female,73.4,232.9,53.6,30.39484501567204
43,Female,69.5,178.8,30.2,190.28662202905886
29,Male,84.4,149.0,76.2,109.08202408930686
19,Male,82.0,162.6,25.9,252.18054200975118
34,Male,71.1,145.8,32.3,0.0
52,Male,105.5,107.2,8.3,246.75992191729924
27,Female,56.9,254.6,64.5,69.44502728230658
39,Female,72.2,105.7,3.7,186.06472274923576
58,Female,65.7,293.1,69.9,204.77205208655315
60,Male,79.6,173.6,86.2,229.26819746798316
38,Male,51.6,186.1,84.6,213.34871084687987
32,Female,90.2,124.3,24.7,35.13412748143958
52,Male,87.1,219.2,12.7,383.84672785690583
38,Male,78.2,187.0,37.2,170.316275060742
38,Female,71.3,203.1,67.6,138.03461934719599
38,Male,83.6,160.6,74.1,427.6548974358185
61,Male,78.9,224.0,63.3,75.54377116759869
49,Female,86.4,158.8,60.6,132.9208541278182
22,Male,73.5,203.9,97.2,234.16648399288636
56,Female,72.8,223.1,40.4,126.77619219004421
26,Female,87.9,272.6,34.4,170.1208104321247
35,Male,82.6,240.3,26.2,134.93199624042072
38,Female,72.9,204.5,58.7,125.27286860094634
25,Male,79.4,199.6,46.4,203.73618561797733
61,Male,77.2,215.7,66.5,362.5088999684918
51,Male,80.6,238.3,41.0,433.0486653589717
27,Male,90.2,162.8,62.6,225.7380257269864
58,Male,70.8,245.2,42.3,366.06758994528104
41,Male,67.3,153.2,46.7,105.89626568592055
57,Male,78.3,222.8,48.6,557.0125751330963
41,Male,68.6,227.1,16.0,152.62700228005568
49,Male,64.1,166.4,47.2,209.50733939577898
50,Female,86.9,122.9,61.2,190.0152454589603
55,Female,71.6,186.8,30.2,203.2200428282999
61,Male,52.6,68.5,88.2,168.75003106135645
51,Male,85.2,191.1,50.1,0.0
28,Male,69.7,137.6,37.5,264.4953498333803
48,Female,81.9,355.7,36.9,56.05743918973177
35,Female,88.0,252.9,77.4,231.05464154097612
40,Male,77.3,203.6,33.5,300.3465445240134
39,Male,50.6,266.6,56.0,244.00629582305345
60,Male,51.4,235.3,67.7,295.6011532149967
35,Female,66.9,141.8,61.1,81.91038058171961
57,Male,74.3,168.7,38.7,368.77081034650075
64,Female,89.4,251.5,66.8,171.22479369790756
58,Female,78.5,152.0,53.1,105.98876298472915
64,Male,106.4,219.8,15.6,346.4776791784807
56,Female,57.1,233.7,74.5,79.7578064591311
37,Male,76.5,187.0,37.7,0.0
30,Female,69.7,207.6,46.5,24.495483906055235
62,Female,77.8,241.6,56.2,301.82748662022703
18,Male,96.0,239.2,39.4,250.021632523789
21,Male,96.8,222.4,65.1,239.826046113693
41,Female,75.7,199.4,27.9,247.9252147922413
53,Female,85.3,229.4,38.5,166.1724994220158
53,Female,77.6,98.9,74.5,100.43918977551748
62,Male,62.1,273.8,50.5,153.92653777933637
19,Male,75.2,193.4,28.9,44.6929879968616
45,Male,68.9,163.3,51.6,58.54903228289834
43,Male,74.2,230.0,58.0,214.19326038492989
40,Female,64.8,228.6,18.3,135.48192615992096
32,Female,76.9,151.2,83.1,189.51520548088385
53,Female,78.7,203.4,85.8,127.24833973164878
44,Female,83.5,201.9,52.4,37.95214907840912
23,Female,78.7,198.6,46.0,145.95293520272674
52,Male,94.6,281.2,50.5,235.4578899855559
56,Male,101.3,199.0,67.9,202.27208423218377
55,Female,70.1,193.5,59.1,147.23153353623977
52,Female,86.6,166.0,54.8,324.95375122052803
53,Female,100.4,158.8,77.6,29.053108713976293
27,Female,87.0,219.6,72.6,52.93281719274687
47,Female,83.6,176.5,30.8,0.0
58,Female,53.1,190.6,67.7,171.4019191709221
55,Female,68.3,209.9,73.0,0.0
46,Female,70.1,203.2,55.6,159.83505907492653
60,Male,91.6,206.7,62.0,215.33403391127248
56,Female,66.2,206.6,43.9,75.4181061608042
21,Female,74.0,231.2,25.9,193.1977322589814
22,Male,85.1,332.1,87.7,267.83455668189293
21,Male,65.7,261.5,23.2,456.91985802880595
53,Female,78.3,181.9,83.6,207.2558618572693
62,Male,76.8,260.8,48.7,187.96344273979784
33,Male,85.5,147.3,74.9,0.0
42,Female,82.9,171.7,50.5,236.92181402923825
31,Male,82.5,235.3,68.7,354.92451521815735
28,Female,77.4,233.8,59.0,301.1172108597684
46,Female,54.9,230.1,36.6,0.0
51,Female,76.7,170.5,52.7,180.76779744215267
39,Male,75.7,170.8,47.1,306.3060695288948
31,Male,84.2,206.6,62.9,381.3355002134506
41,Female,69.9,187.4,52.8,171.90718643874024
56,Female,75.5,244.4,55.7,139.77786082249426
43,Male,75.9,186.1,29.5,61.883175220276314
60,Female,66.4,184.7,24.4,123.86335854389331
53,Male,61.2,118.7,51.4,273.90586581679213
56,Male,79.6,243.8,53.6,313.64451499428895
33,Male,87.1,216.1,29.0,0.0
55,Male,67.5,85.7,61.4,262.0029813832199
49,Male,72.4,222.3,62.3,3.5593099086635123
23,Male,85.0,179.9,53.1,246.56498951275418
51,Female,86.1,238.8,50.3,35.198107161769684
25,Female,77.8,194.7,24.7,5.3271317332847135
47,Male,80.0,159.8,24.3,443.464384573011
44,Male,81.4,286.5,57.9,16.25829183384554
24,Female,83.5,278.6,33.4,89.16876569819537
44,Female,62.1,190.7,34.8,135.46871715951286
42,Female,98.0,218.6,55.6,0.0
63,Female,78.3,177.0,90.8,202.7446957315728
58,Female,83.8,114.7,42.1,68.29379933583502
32,Female,65.9,265.9,91.0,41.24965476138576
42,Female,72.8,160.1,48.5,209.688525930117
39,Female,79.5,263.7,61.3,13.199185980615544
35,Male,53.3,234.9,69.2,236.1295358031371
29,Female,64.2,214.4,70.7,154.6595449493436
40,Male,66.3,198.0,56.8,208.37868927196888
62,Female,59.7,235.1,45.4,132.8307734671856
56,Female,76.3,153.5,66.6,131.427947989065
42,Female,74.1,266.7,58.5,0.0
27,Female,92.1,207.2,41.3,67.08281342722744
47,Female,61.6,274.8,78.2,55.96301242179671
27,Male,77.8,193.9,59.1,356.49987989854765
51,Female,64.4,207.1,35.0,181.8306476047079
63,Male,54.4,213.2,32.7,203.65496744419963
30,Male,82.1,228.8,89.2,488.0372763039866
46,Female,83.0,290.5,40.1,0.0
55,Male,81.6,178.1,65.1,376.87845787630056
58,Female,59.2,193.6,57.5,164.63256259695626
62,Female,76.0,199.0,64.4,64.11024628877863
26,Female,82.2,84.2,88.2,85.68231087260727
30,Male,86.4,172.3,69.9,146.8153405219965
54,Female,82.5,175.5,66.7,302.99730991617855
31,Male,86.6,331.9,46.1,229.72861097004247
54,Female,87.8,212.9,36.7,239.5957616428237
26,Female,76.3,224.7,98.4,79.40726312658062
25,Male,81.0,126.6,49.2,226.8864769701575
56,Male,87.0,196.9,47.9,295.3474515530874
57,Male,79.7,246.8,55.8,330.8881387035519
20,Male,89.4,325.8,53.8,22.853596853478106
64,Male,85.5,165.8,81.9,277.9340080472616
57,Male,67.4,109.2,60.8,201.82159676415517
50,Female,59.3,161.2,23.8,180.1798102300083
49,Male,75.2,161.4,36.8,122.19873875500336
24,Female,60.8,161.9,50.2,249.81015433150236
36,Female,76.0,245.4,70.5,160.03921700798912
51,Female,74.9,217.1,19.6,75.32460716832273
31,Female,90.6,143.6,59.9,90.32116370541108
64,Female,81.1,270.8,64.6,207.03471696408502
63,Male,86.7,294.7,67.6,326.7209237230999
36,Female,69.1,114.7,48.4,144.90917771947957
43,Female,93.4,258.9,71.0,116.99666533976341
34,Female,85.7,191.5,33.7,207.4752418420095
45,Male,80.1,152.9,68.9,131.95591372477207
36,Male,53.3,127.2,48.8,126.53002917038846
44,Male,89.1,177.4,50.9,493.2814373511404
36,Male,96.3,173.9,50.6,246.06738117185085
50,Female,75.1,207.4,63.0,126.45996038423249
24,Male,75.4,307.3,27.9,131.66901350952628
46,Female,68.8,174.6,67.7,113.30523735524622
60,Male,55.4,129.7,67.4,373.1177923951161
22,Male,68.3,183.5,44.0,317.9596550180991
47,Male,94.9,252.1,50.0,120.23779722288744
60,Male,87.9,187.6,32.8,171.22756334310375
25,Female,65.7,232.6,26.8,16.44358614160984
59,Male,68.1,208.5,53.9,236.32203048251296
29,Female,100.6,203.1,54.1,0.0
59,Female,62.8,279.4,43.3,0.0
30,Female,66.4,151.6,25.0,172.37768156137636
43,Female,69.8,148.0,59.1,0.0
35,Female,58.7,154.6,42.8,315.6741378651939
59,Female,68.5,217.3,35.0,57.64024183840243
37,Female,68.7,202.7,75.5,169.69738679878807
33,Male,64.2,235.5,30.5,351.53824513149357
54,Female,90.9,196.2,61.2,152.99005319754505
20,Male,61.0,190.2,20.0,194.36068901565798
44,Male,73.3,216.5,21.3,135.5246311697727
32,Female,64.5,284.8,59.7,16.11632614034079
51,Female,72.5,141.9,43.3,85.7526227771171
62,Male,63.9,154.0,26.6,199.37457499743766
39,Male,75.9,202.1,69.0,204.61726378413655
57,Female,78.9,301.6,57.4,55.390294547683
40,Female,91.8,146.4,7.4,265.9327644420857
21,Male,67.9,199.5,69.2,8.307087779554617
58,Male,94.4,156.1,28.7,266.84031729334913
40,Female,65.3,219.9,15.8,215.88891554270728
64,Male,72.1,96.8,33.6,239.3960390597261
26,Male,96.2,148.2,49.2,423.00263083705346
41,Female,109.8,263.9,51.5,191.87659340481014
38,Male,95.2,200.5,17.3,388.10786947230787
58,Female,72.3,162.7,21.7,0.0
63,Female,81.2,197.7,34.8,207.04061545076368
33,Female,83.2,196.8,36.1,191.7347772781114
42,Male,79.1,228.0,65.2,284.52731318055896
43,Female,62.9,96.2,41.7,204.73426948703892
62,Male,77.8,148.2,64.9,129.4512947664756
26,Female,68.9,152.3,71.9,183.4981846649908
32,Female,63.4,231.5,61.1,326.9008985748657
56,Male,71.3,199.7,-11.5,0.0
50,Male,78.8,272.0,43.9,378.03577733942717
18,Male,87.0,241.5,46.7,186.65992559227934
22,Female,72.0,182.7,48.9,85.9137208189206
26,Male,74.1,197.5,8.4,34.80646776632403
61,Female,84.6,264.7,34.7,198.90232253476287
23,Male,75.9,271.7,22.8,431.9586177859505
45,Female,79.6,195.2,31.5,92.3053427731094
62,Female,75.9,150.7,44.8,173.3660845367263
43,Female,77.4,95.0,35.2,122.47500669529067
45,Female,62.1,94.9,32.9,0.0
57,Male,76.5,223.6,46.0,183.09424757501276
32,Male,92.1,222.6,40.2,102.16911972364674
23,Female,77.0,166.2,54.0,50.144769084412836
44,Female,65.0,265.1,41.6,112.41748426103348
55,Male,92.7,189.7,18.6,168.34704128706136
21,Male,83.7,170.6,29.4,340.10725072740917
28,Male,84.2,258.6,43.4,192.24104582251218
38,Male,83.9,251.9,41.0,12.994165649131817
47,Male,61.5,197.4,21.7,373.1971859358272
35,Male,82.8,225.9,63.5,278.2327141357079
52,Female,91.6,232.2,56.2,170.10404718257792
20,Male,69.2,308.8,38.0,337.7355259877544
29,Male,51.9,193.4,46.7,190.7473258781398
44,Female,79.4,141.0,28.6,92.35273877238728
47,Male,75.4,231.3,67.1,228.1857477327319
38,Male,56.4,203.1,91.4,309.09929355082494
55,Male,82.3,205.6,37.1,273.4635996268114
38,Female,81.4,198.4,74.5,205.57539254355066
55,Male,57.4,120.4,32.8,200.41488070674995
57,Female,97.7,213.1,39.4,53.062426145758636
32,Male,84.0,182.0,78.7,106.14348786922076
35,Female,52.3,184.5,47.6,301.3578403659914
46,Male,84.8,180.1,63.7,216.69865524503965
55,Male,84.5,198.0,44.6,52.70401323213516
38,Male,92.0,213.0,13.9,34.83737890590286
34,Female,67.5,198.5,96.7,14.774187599838044
58,Male,85.0,257.7,45.7,325.4677308483458
35,Male,72.2,237.8,53.1,232.34555933704326
54,Female,68.3,196.3,35.3,300.6419505218124
55,Female,64.6,148.2,65.6,212.0658873336384
29,Female,52.2,229.0,64.1,172.5568543046948
28,Male,81.5,184.3,18.9,446.0866028283338
37,Female,71.7,191.5,53.4,56.17898595339792
26,Male,42.2,134.1,67.5,0.0
18,Female,75.9,220.7,74.0,191.72441366185996
20,Female,88.9,329.7,62.9,117.109851209735
38,Male,59.3,174.7,64.7,243.83018000991916
40,Male,66.4,231.1,39.2,392.7641082321149
26,Male,80.3,262.3,25.4,305.27796493537
36,Male,44.3,173.9,43.8,389.01584438093494
62,Female,68.6,78.7,25.0,59.24282256960013
63,Female,79.2,234.8,35.2,238.19583649993032
36,Female,68.3,204.0,34.9,63.96089438068937
40,Male,59.4,215.6,31.2,464.3194365785355
44,Male,60.0,202.7,60.6,236.97945711293178
44,Female,55.7,258.0,29.7,217.3548047777938
56,Female,67.4,195.1,86.7,100.60352763082133
53,Male,87.7,308.5,69.8,139.4514494369172
29,Female,103.3,234.9,73.8,182.46027216702697
44,Female,75.4,250.6,36.2,314.54094497371864
63,Female,84.2,200.3,54.0,297.8122388981482
51,Male,63.7,215.5,29.1,266.68143918656426
50,Female,49.9,115.5,54.3,102.04493840273031
45,Male,97.2,171.2,14.6,264.5280761234986
48,Female,67.9,253.9,71.2,298.41135437486196
49,Male,83.6,196.7,37.1,215.62444057424156
37,Female,76.9,143.8,56.1,97.2122842713558
57,Female,86.9,165.8,59.8,181.3772259818148
52,Female,86.4,165.4,38.9,135.93688734747863
48,Male,78.3,198.1,34.0,167.44596428737378
48,Female,79.7,158.3,47.6,124.74881977162715
55,Female,89.6,271.2,66.1,222.062589533771
39,Male,70.1,210.4,47.1,174.650359256296
62,Male,93.7,130.2,62.1,177.5794384864428
58,Female,66.5,276.8,65.9,141.48891541205097
26,Female,75.9,197.7,46.2,121.64463896397392
26,Female,82.6,225.3,47.7,316.3876419858638
32,Female,55.5,215.3,52.8,359.5782454813993
30,Female,91.6,220.9,72.8,129.9098648902097
39,Male,80.7,182.8,43.1,103.00093279679804
33,Female,114.6,216.5,72.8,85.50390986308052
49,Male,100.0,192.5,55.1,253.89496936668422
19,Male,74.9,218.1,35.3,184.1942810126213
43,Female,96.4,190.7,49.2,20.553368114119404
31,Male,85.2,185.5,27.6,187.2173696262861
55,Female,77.8,126.9,23.1,189.6378202813896
51,Male,55.1,199.7,62.1,347.5007307856338
25,Male,57.9,211.2,66.0,425.36251816614435
53,Female,75.1,292.4,49.3,109.48551464622385
38,Female,69.1,224.0,51.0,76.51312159554294
63,Male,77.7,163.8,38.5,155.24866142829612
60,Female,91.5,149.3,53.4,59.52073276304997
45,Female,85.4,213.4,89.6,69.30343189835524
63,Male,66.6,162.8,70.2,110.07388287827868
61,Male,86.1,171.6,48.5,253.5060700158499
23,Male,64.0,162.6,46.7,97.25304952483006
37,Female,61.3,183.6,42.5,246.4158040074629
48,Female,79.6,236.8,21.8,252.6652687059132
50,Female,65.2,100.5,40.3,35.70303676838353
61,Male,67.3,264.7,63.5,26.233973926085635
24,Female,86.9,189.8,31.4,87.9362423997392
25,Male,82.9,168.3,44.4,153.16859974336427
26,Male,70.5,244.4,27.6,336.4348445321613
19,Male,55.5,189.7,65.7,212.91174615896804
34,Male,66.2,147.7,24.5,249.24763084070602
62,Male,98.3,123.9,61.9,266.53800349465666
54,Male,86.6,234.8,70.6,91.29107879348689
59,Male,92.1,238.0,43.5,180.25040114014482
61,Female,78.1,179.3,36.3,123.57736837358779
34,Male,70.8,266.1,59.5,261.28823533030294
55,Female,85.9,201.8,82.0,5.967238324976686
52,Female,90.4,266.4,76.8,83.98590181177414
64,Female,69.2,152.1,48.5,142.68839512524275
56,Female,66.4,146.0,32.3,108.30323023504225
47,Female,56.7,174.3,45.4,8.875086124767273
23,Male,66.1,180.0,16.2,109.78220670715578
21,Female,83.0,257.6,38.9,9.957360867417318
54,Female,67.8,214.7,59.0,308.7941021987008
52,Female,86.2,162.0,42.6,121.04088223002928
26,Male,98.6,200.6,38.0,211.69733808881327
23,Female,75.3,178.6,48.9,42.03723567734426
30,Female,74.8,159.8,44.6,180.65176918855738
39,Female,81.6,196.0,65.1,240.78780741847115
45,Female,68.1,190.5,23.5,63.184730828764245
47,Male,67.2,161.7,60.5,87.48385401506873
53,Female,67.6,161.2,49.1,105.49899169282223
19,Male,61.3,240.7,58.7,13.82957718161147
53,Male,85.8,221.2,22.2,262.75083263022293
25,Female,69.0,247.2,67.7,223.35910485704662
62,Female,88.3,185.8,60.9,5.919166165552175
59,Male,81.4,145.6,83.5,296.2393835381211
26,Female,74.7,171.3,33.3,237.3256114892217
18,Female,84.7,251.4,38.3,0.0
30,Female,63.7,120.0,14.3,35.02491095304437
32,Male,65.6,272.2,33.5,119.75579214105436
49,Male,83.6,144.5,78.7,266.8338940622947
51,Female,48.7,239.0,55.9,169.88486436310671
60,Female,75.2,149.0,35.5,52.846936569341665
48,Male,82.1,170.2,52.7,415.49724698436717
31,Male,90.7,97.1,48.8,111.89392496473815
64,Male,93.2,292.7,11.8,82.77556431735503
31,Male,73.4,228.7,15.4,40.85671355043498
46,Male,84.2,231.7,72.1,174.25011410011305
64,Male,65.3,175.4,64.7,311.7159327608787
36,Male,69.7,153.5,20.3,79.43516411283967
44,Female,91.4,238.8,47.5,169.49237069327836
26,Male,74.5,139.8,35.7,251.93607682165126
54,Male,76.9,191.6,71.8,207.44119634053817
54,Female,62.6,137.5,59.0,161.77878363897457
60,Female,80.1,206.2,27.9,232.58800957084657
45,Female,84.0,104.2,52.4,189.67043740462398
41,Male,83.7,126.0,49.2,330.6611249671218
45,Male,60.5,157.0,49.2,50.15134586684043
53,Female,87.0,230.7,39.8,94.00648431166738
35,Female,63.0,173.4,50.5,43.700664045613976
42,Female,74.7,249.2,33.0,192.9224998096824
52,Male,55.6,275.0,26.2,377.1449375090214
21,Female,72.8,184.6,25.1,98.80242765395842
31,Male,63.0,126.1,29.0,248.99402640569804
56,Male,69.6,248.3,58.4,0.6725434025816752
43,Male,75.7,122.9,59.0,192.35465696924783
25,Male,84.9,154.8,79.2,0.0
41,Female,84.5,114.9,45.4,127.45749480835595
33,Female,47.0,248.2,64.0,0.0
37,Female,83.1,228.6,50.9,280.31428323385643
32,Male,77.5,280.9,56.0,185.42827051890234
24,Female,68.3,177.9,66.2,148.4890737406976
34,Male,64.4,158.8,61.6,455.7011118474284
39,Male,74.3,173.8,52.2,224.93715277706823
39,Male,77.8,133.4,37.7,0.0
29,Female,79.5,271.4,55.5,109.17606417484181
35,Male,72.6,368.8,77.3,456.07678674158075
63,Male,44.7,163.8,53.5,87.04965159250602
64,Female,69.1,229.6,42.1,112.82203553386177
32,Female,60.8,192.2,66.4,297.623662271547
54,Female,99.7,222.1,22.3,67.84345000480425
33,Male,75.7,253.0,42.8,210.4698215126811
22,Male,83.9,142.8,30.4,403.2701870498656
19,Female,82.6,176.1,47.6,81.59637704222177
45,Male,78.7,260.2,74.9,99.44243763457757
58,Male,70.0,225.4,62.8,0.0
44,Female,68.5,216.4,12.6,38.70482621798091
48,Female,50.8,225.5,37.6,60.799638645151205
58,Female,76.7,230.4,20.0,104.36344139923509
53,Female,78.6,257.9,71.2,200.7377309500039
64,Female,74.4,237.7,38.4,144.33401778145637
60,Female,76.7,197.5,51.5,28.173348852836327
18,Female,60.5,217.7,52.5,282.02952612425645
46,Female,71.5,196.6,54.1,35.61944921686056
18,Male,67.2,162.7,-7.9,429.9968460086841
25,Male,83.0,197.4,57.2,198.67500311813652
33,Male,75.5,194.3,39.0,380.75571469243965
45,Male,67.3,115.1,66.9,273.4695059301653
39,Male,73.1,238.7,54.1,431.5724053513787
35,Male,62.5,247.2,62.6,210.3539876249023
39,Male,71.1,227.2,35.4,162.66414188519028
58,Male,82.0,244.2,27.4,245.90993548001353
29,Male,59.0,191.2,67.8,166.8418955828034
36,Male,74.3,174.3,61.3,247.38906246775994
42,Male,66.0,247.4,54.4,376.76396245132787
22,Female,59.0,147.1,54.4,0.0
51,Male,97.4,145.3,58.4,194.10140886714896
56,Female,90.0,222.4,24.2,321.64516056401334
27,Male,67.8,221.0,71.5,137.20076945415371
64,Female,71.5,246.5,46.9,246.11627830819506
24,Male,50.7,114.5,47.5,309.13729092812713
54,Female,55.9,195.1,41.6,5.708401398016088
64,Male,61.5,143.5,0.6,225.67175240876296
32,Female,74.6,242.8,61.5,145.3340592303055
59,Male,73.6,266.7,30.0,600.0
41,Female,79.0,225.2,52.2,0.0
43,Male,83.1,172.1,33.6,0.0
43,Female,78.3,162.6,43.1,113.51100802708444
63,Female,62.0,179.4,42.0,95.20472851933053
43,Female,78.9,157.9,33.1,64.609060512494
27,Female,82.6,192.0,45.5,64.5710841512655
34,Female,69.9,162.5,40.4,197.4132629592235
31,Female,52.8,130.9,29.2,62.79829214411843
19,Female,89.2,219.0,73.5,98.42935629071832
30,Female,76.1,222.9,34.0,201.13050790605396
44,Male,41.7,285.0,61.2,321.78161792650974
26,Male,99.8,178.3,63.4,135.2153770478812
24,Male,69.3,105.5,68.5,5.0965754936377365
27,Female,104.3,240.8,39.1,229.34167315213938
26,Female,79.5,246.4,46.0,52.84973315917067
39,Male,72.6,257.1,46.6,336.81647716825006
40,Male,77.2,273.6,60.5,247.80091621761983
24,Female,66.5,274.3,45.2,139.57728220930602
26,Female,75.7,151.2,59.2,187.36419224192352
44,Male,99.1,277.4,44.9,0.0
41,Female,64.2,183.6,72.3,250.67666212299264
46,Male,81.4,239.9,49.8,168.71576535278322
34,Female,66.4,213.0,47.4,152.79804759640984
37,Male,73.0,151.4,56.8,117.2721139449137
24,Male,98.7,258.0,82.7,170.01615924865214
60,Female,81.3,177.2,37.9,305.5621874385673
57,Male,83.9,292.9,70.8,157.1082853559494
24,Female,75.9,161.8,33.6,88.05101137703079
45,Female,107.3,149.8,50.9,232.5756693885697
36,Female,63.6,166.9,34.1,148.48058110071344
37,Female,56.0,274.8,42.6,247.12275913328475
61,Female,95.2,121.6,36.4,0.0
56,Male,70.4,245.7,64.0,140.44404206195324
57,Female,79.9,291.6,40.1,7.538425106173923
24,Female,95.6,191.5,60.6,255.83353274615325
23,Male,80.1,180.3,39.5,27.40018492869485
42,Female,101.8,204.0,49.9,152.04469141317765
58,Male,76.6,143.9,79.2,26.86143179049262
30,Female,66.5,332.4,35.1,105.79194193534649
56,Male,46.8,233.5,35.5,68.39317757199544
57,Female,78.6,139.0,45.1,128.5198410765989
39,Female,48.2,159.6,49.6,316.778148985498
34,Female,78.9,209.0,62.4,6.399873316158624
39,Female,92.5,135.3,50.9,39.02457339326752
51,Female,74.8,124.8,54.9,215.44998132935277
25,Male,77.3,214.7,26.9,169.0520770542608
62,Male,86.0,250.3,56.0,32.756406306543994
35,Female,83.0,245.8,56.6,104.6684413544087
41,Male,88.9,197.0,63.4,0.0
59,Female,74.8,186.3,43.4,82.13307971120564
19,Female,48.0,202.6,49.9,50.51959499515155
19,Female,89.1,249.6,64.1,176.14433088834176
44,Male,72.1,137.2,28.8,267.01125428617564
31,Female,64.5,161.1,14.1,0.0
56,Male,79.0,181.1,27.8,200.8852772275908
29,Female,77.2,187.9,37.2,0.0
49,Female,66.0,197.3,71.4,158.9707784246848
45,Male,59.6,198.8,90.6,444.96678975602794
45,Female,80.6,233.7,31.8,92.95545339721264
63,Male,64.8,111.9,48.3,247.7536809448729
42,Female,76.4,119.9,39.5,220.92756386787397
21,Female,79.5,166.7,59.6,208.72369706278013
43,Female,86.6,243.2,55.6,233.3498666936532
53,Male,100.4,167.4,32.5,261.60394764493316
20,Female,77.8,197.9,37.6,64.10939467489291
18,Male,69.9,206.4,47.1,276.96716270727
34,Female,94.9,215.8,74.6,260.6077441101933
24,Female,87.6,278.2,36.9,193.7471441876035
22,Male,77.0,234.7,19.0,226.14846726561174
36,Female,77.8,249.9,76.1,0.0
56,Female,75.3,193.7,59.9,47.73810177295062
63,Male,76.9,273.7,26.7,108.63280927514434
51,Male,73.8,203.6,56.1,58.697766278677065
52,Male,63.3,102.2,66.2,182.59918413656345
33,Female,75.1,322.9,51.9,49.94504425267705
57,Male,96.1,202.3,77.3,303.5626712230408
64,Male,65.2,226.5,61.1,133.53169938232557
56,Female,71.7,146.6,56.1,31.899083869352186
44,Male,64.3,309.9,54.1,72.27712701791879
58,Male,88.9,160.3,52.7,218.74435527596225
55,Female,85.0,180.7,67.6,119.01114191396209
42,Male,59.7,123.5,47.0,192.4618140852855
43,Female,50.8,218.2,69.0,116.0271462374877
31,Male,85.4,185.9,56.2,432.64782846046876
31,Male,58.9,122.8,52.1,332.2631091443352
31,Female,84.9,196.6,43.8,65.82438488903834
42,Male,67.3,204.7,44.0,0.0
53,Female,83.3,187.6,56.4,109.25704340452468
21,Male,80.3,109.0,70.3,50.84656314000134
64,Male,68.6,214.5,60.1,0.0
32,Female,64.5,136.6,35.7,203.78903773656046
49,Female,81.9,244.5,18.0,148.09675610947062
35,Male,66.7,172.2,64.8,349.30011832419547
31,Male,88.3,246.4,103.7,209.50416158666866
18,Male,65.0,200.7,44.5,180.31582315912667
59,Female,79.2,203.3,40.7,18.853324502730644
37,Female,70.3,263.8,66.4,87.67518055185742
27,Male,75.1,159.2,32.8,0.0
27,Male,66.6,145.2,79.9,365.94082951864056
41,Male,72.9,227.8,58.2,26.0121811557915
51,Female,44.3,134.3,49.5,162.90227214484108
45,Male,65.2,160.1,34.5,180.1194002634519
44,Female,67.9,121.0,67.6,197.59773420950387
57,Female,74.1,257.6,41.1,129.10328848709577
18,Male,90.5,149.9,64.2,24.64347626994768
50,Female,66.6,167.3,58.0,103.88915418956532
21,Female,92.0,135.5,75.8,300.23995150702865
24,Male,64.7,180.7,53.2,88.94501720770023
26,Male,61.7,192.9,112.3,346.62519347881624
33,Male,52.4,241.3,61.1,301.86825725884586
22,Male,82.3,133.9,52.9,203.11635339173253
51,Male,76.0,170.0,42.2,110.03864462188248
40,Male,81.6,271.1,67.5,232.32702901333752
60,Male,76.6,252.1,42.7,137.52204808415678
42,Female,74.9,166.1,34.5,251.6226455165152
30,Male,78.4,197.5,40.6,28.749018416424544
41,Male,100.8,298.4,46.2,245.12826892741722
28,Male,69.3,140.3,95.0,217.3323419262558
34,Male,99.7,103.9,55.8,253.86538584495074
54,Male,85.2,173.2,36.8,282.8155600845238
30,Male,79.4,195.8,71.8,74.80278810093982
44,Female,81.7,159.9,53.8,65.91408732549064
37,Male,36.7,248.8,75.9,249.03004276594424
50,Female,71.9,210.5,88.2,248.15414587512348
59,Male,67.0,169.8,20.2,183.33007462543722
49,Female,100.3,173.1,2.5,316.695660505382
25,Female,70.9,162.7,89.8,107.44174623697728
46,Female,74.6,241.5,36.3,65.18021804784688
57,Male,74.4,176.4,16.0,244.12278675961323
36,Male,59.3,140.4,39.5,123.33723365523701
23,Male,68.3,248.1,30.6,124.10228222838158
61,Male,84.8,186.2,34.5,260.69728400708016
56,Male,49.4,132.0,67.1,306.780557785663
58,Male,78.7,285.6,42.8,225.2431108873169
38,Female,64.2,230.5,17.6,167.3401427386843
39,Female,90.6,202.3,50.7,356.5550302529312
59,Female,79.7,189.4,33.0,216.4483092310357
27,Male,56.8,186.0,45.0,145.77889184422222
27,Male,70.0,185.0,46.2,369.3554839611623
46,Female,80.4,186.3,66.9,122.70775367951727
33,Male,71.4,170.5,39.9,308.53181256883755
18,Male,76.7,194.8,64.0,268.874085530756
34,Male,74.8,169.5,18.1,186.49584288787904
47,Female,85.4,211.2,68.0,83.3790622133439
43,Female,80.3,198.8,76.0,125.5541723036708
63,Male,74.4,165.0,45.4,141.1485230802287
36,Female,75.2,195.7,33.6,173.6486933057999
38,Female,62.0,227.1,28.4,156.62977342000866
34,Male,92.6,87.2,49.5,0.0
63,Male,110.5,228.9,74.3,224.09731080771905
57,Female,71.0,138.7,41.5,372.69982035457525
38,Female,75.6,177.1,72.2,110.15879564625271
58,Male,87.2,58.5,27.0,364.8548970238195
57,Male,87.1,228.3,43.0,327.61278424620303
62,Male,77.1,163.0,49.1,0.0
36,Female,63.3,175.0,54.3,209.0631697211417
24,Female,96.8,204.5,43.3,67.21403329612869
34,Male,83.2,101.5,74.9,174.75462572663352
18,Male,77.6,203.1,75.2,5.281621473798818
54,Male,66.3,232.4,46.5,277.8876010169316
23,Male,75.7,208.7,39.6,145.35580878855765
43,Female,53.2,180.3,38.0,310.73639577577563
19,Male,83.9,202.1,70.7,17.82182672262838
49,Male,86.8,196.2,36.7,307.5581833960074
22,Female,77.8,237.9,20.8,156.2646276113203
54,Male,63.5,262.8,23.8,95.36818983490859
48,Female,80.4,179.5,63.3,0.0
29,Female,84.4,211.6,22.7,102.56410609717834
52,Female,66.1,166.6,42.0,140.88605251181954
47,Male,86.2,220.8,52.0,61.58229440318058
23,Female,81.3,223.0,16.4,48.450491605547676
32,Male,71.7,191.7,53.6,308.78700100588685
32,Female,68.3,226.0,43.5,62.79325767911826
33,Female,72.9,200.2,11.9,192.60972963204077
37,Female,63.4,197.6,53.9,228.94642412845138
30,Male,78.1,156.0,57.9,85.45862193522717
61,Male,81.7,208.6,53.7,36.32111140188384
59,Female,89.0,171.1,60.1,224.52646893773053
63,Male,78.6,243.5,55.2,173.02594385930277
48,Female,79.7,157.8,64.6,114.16672975841232
51,Female,71.8,213.4,31.1,300.0633614195439
46,Female,64.5,187.0,22.1,129.68687409807114
20,Female,69.8,213.3,26.8,185.1642231677706
26,Male,92.1,197.1,33.8,0.0
28,Female,82.6,159.1,90.4,130.56483709274391
28,Male,79.9,254.7,33.9,77.92158911500515
42,Female,53.2,155.6,39.6,100.5599492713125
39,Female,78.8,232.1,45.3,95.85425982863241
59,Female,59.0,115.1,42.9,241.36061032190682
63,Female,59.9,185.6,86.3,88.56118802582252
26,Female,61.2,276.5,15.5,90.45178718721954
37,Male,65.7,186.2,93.7,407.9298162158682
38,Male,85.0,204.8,52.9,157.82747266972993
27,Female,77.7,280.1,69.2,70.83189712304775
39,Male,63.7,192.9,50.4,384.70672709354744
46,Male,68.0,213.0,66.3,189.6253917041782
26,Female,81.0,230.2,31.1,157.69081893436388
22,Female,83.4,131.0,22.9,180.4449040708126
57,Female,76.6,175.7,101.9,274.21014767686626
28,Female,61.2,206.5,88.3,40.249565905843255
18,Male,70.0,120.2,28.9,358.1652407428297
59,Male,103.6,268.5,64.3,0.7483952949980961
18,Male,60.5,237.8,73.2,91.32110394879884
56,Male,79.5,230.4,63.2,75.98044169107338
63,Female,100.4,266.0,45.8,128.38247517530678
22,Female,71.7,236.2,90.5,69.00286763052392
39,Female,97.0,188.5,63.8,302.7056533186456
43,Female,66.7,118.4,31.4,211.57551314620986
23,Male,51.3,165.9,42.3,215.45209558044266
49,Male,68.0,167.4,28.6,79.39337894071599
28,Female,65.9,230.9,47.9,298.3881226307404
27,Male,55.0,204.0,47.2,211.75600009673852
64,Male,70.0,121.7,65.1,165.15980333888032
56,Female,86.9,243.3,64.8,116.52953592676668
51,Male,67.9,266.5,57.8,186.5737487672342
48,Female,70.5,273.8,57.2,210.9785964261052
29,Male,91.4,143.5,70.9,375.3902199673753
61,Male,66.0,216.1,45.5,69.87144992083974
33,Female,82.4,149.7,2.1,77.49986909688096
55,Female,54.5,297.0,92.2,85.11138572017492
20,Female,63.4,201.5,31.8,147.25025835877474
19,Male,72.4,181.5,63.9,304.78753404018227
22,Female,89.5,172.3,43.2,12.419365158964423
28,Male,64.0,216.7,78.0,61.98730647868019
42,Female,63.9,225.8,30.8,104.89046494495265
52,Male,78.3,117.6,35.8,270.17941504937255
52,Female,80.2,269.8,40.0,54.1393257287926
39,Female,62.6,223.5,61.1,89.42005760185916
54,Male,68.7,269.4,54.5,99.920403233946
39,Male,88.0,285.5,61.3,324.65214235416965
28,Female,60.8,195.0,52.5,124.60376189619674
49,Male,79.1,242.8,68.6,95.49533152602385
52,Female,68.8,171.2,69.0,33.39143406444625
48,Male,91.8,176.6,80.3,164.74076495425945
62,Male,82.0,278.6,56.9,149.21372095037012
25,Female,85.6,163.0,56.8,223.0411521134289
37,Female,68.5,209.8,85.3,261.0325487832296
59,Male,84.9,154.6,73.9,39.16437419104912
51,Male,84.6,167.2,60.4,321.4086565762648
21,Male,81.2,174.7,22.1,299.3624084340129
35,Male,71.6,272.4,16.3,122.56307812699394
21,Female,77.0,225.7,62.3,227.98757698912777
37,Female,52.8,242.1,63.1,74.79851301620675
26,Male,96.1,109.7,35.5,270.8167822114732
33,Female,67.8,201.7,57.1,314.87648255201844
43,Male,71.0,180.9,31.7,226.28715104491164
55,Male,59.2,224.6,61.4,140.29882170220958
42,Male,83.1,320.3,62.0,27.217688578318796
21,Female,81.4,80.5,61.8,138.9625078429349
58,Male,71.5,220.0,56.7,370.4932935410696
62,Female,47.0,310.2,44.1,76.30306497224367
58,Female,66.5,174.5,45.8,220.89853683341315
55,Male,80.5,207.5,73.2,171.3948960286387
36,Female,78.0,233.8,58.3,110.63386335518176
31,Male,74.4,92.2,59.8,286.8060263059961
38,Male,69.9,213.3,51.7,0.0
32,Female,56.1,160.3,63.0,122.6502416372882
20,Male,86.6,302.4,69.2,318.496681224103
54,Female,57.7,189.6,37.4,110.3340754885281
63,Female,72.5,164.5,61.9,142.85826618858442
33,Female,62.6,242.3,45.5,127.44897674042328
31,Male,86.9,224.4,56.3,442.86047250136926
26,Female,82.0,244.8,66.7,194.8209671836461
64,Male,70.7,295.5,21.0,33.3362612818939
24,Male,83.3,170.7,28.3,85.82247461103813
31,Female,57.1,286.0,36.8,147.28633198854493
23,Female,74.0,293.9,35.4,247.02066231171
38,Male,62.3,161.6,46.8,259.800621017909
32,Female,87.3,166.4,83.8,206.06744346136907
25,Female,79.5,202.4,73.6,30.116161809571572
51,Female,82.8,190.0,38.4,198.55386395150558
57,Male,68.4,285.5,67.4,100.13104791081038
18,Female,83.9,156.8,49.1,124.76008595139045
49,Male,61.6,212.2,56.9,282.5464173610231
22,Male,63.3,161.7,30.4,118.36191433139541
47,Female,72.9,205.4,23.6,5.799583505123147
39,Female,63.8,307.1,64.6,114.73708972442772
37,Male,83.5,291.2,50.7,216.63206426507546
33,Male,69.3,218.9,60.5,283.1390111995106
24,Female,62.0,231.5,81.9,49.61332489280781
24,Male,60.5,223.6,45.2,114.44899694465312
19,Female,83.4,184.8,45.4,162.73037029420985
64,Male,44.5,295.8,85.4,252.66068664145087
31,Female,62.9,266.0,50.3,180.27814407375735
48,Male,91.8,211.7,33.9,184.72048552003073
58,Female,70.9,189.2,64.7,71.17779816399948
31,Female,83.6,192.4,45.2,228.28615472618498
22,Male,80.1,216.9,33.5,382.3161513149847
28,Female,72.7,198.2,51.8,86.65703978289426
57,Male,55.1,257.0,66.5,135.57201859652875
22,Male,59.1,224.0,26.8,310.0066840257599
46,Male,58.9,152.3,26.4,208.2082777546423
28,Male,80.8,142.7,48.4,257.46373942006807
22,Female,83.0,249.5,28.0,162.3896977590236
49,Male,64.5,142.2,24.5,272.94518957920076
53,Male,74.1,182.6,50.1,142.28280569705922
32,Male,75.1,178.0,72.1,0.0
36,Female,75.9,138.1,65.8,141.0329706200681
39,Male,65.9,215.5,47.9,325.0561112722464
51,Female,94.7,193.8,75.7,149.65016603626978
34,Female,83.1,168.1,84.7,64.37099864810664
29,Male,75.9,304.3,59.8,122.23822362090232
42,Female,68.8,78.5,42.7,410.6453485209606
34,Male,65.0,156.8,81.3,222.43391028113177
27,Female,79.8,171.2,80.4,0.0
45,Female,69.3,132.1,55.1,100.41887865772091
35,Male,76.6,312.9,74.5,190.06253995327322
35,Female,52.2,312.4,34.4,27.327937508977907
62,Male,68.6,165.8,8.7,164.98027583626754
49,Female,73.7,263.4,30.6,101.23997358628216
31,Male,86.6,229.8,54.1,237.21712611614157
33,Male,63.9,282.8,48.5,157.56937365245975
35,Male,57.2,194.6,69.2,107.28937815744493
33,Male,80.3,221.6,20.3,158.3819423908581
34,Female,74.2,270.1,20.7,238.4829154457541
24,Male,54.3,262.5,65.2,206.84494588830742
29,Male,54.9,207.6,21.3,184.05191674587257
51,Male,67.2,152.9,44.6,273.80212692866667
27,Male,74.0,161.8,50.5,183.64335762222197
22,Female,91.7,107.5,37.0,32.00158374031776
38,Male,62.0,239.4,61.6,314.94459153782657
20,Female,81.5,210.6,8.8,85.0172725644064
36,Male,51.5,214.5,86.6,143.3061753006614
62,Male,79.3,198.7,43.4,0.0
61,Male,93.1,142.8,46.6,345.2232189966235
52,Male,76.7,215.6,103.9,218.85326684769962
23,Male,67.0,230.3,22.8,222.3719062335474
31,Male,89.8,156.6,29.1,317.24642279953036
21,Female,79.2,198.6,78.1,251.31402434514771
62,Female,76.8,167.6,18.9,64.6139511794131
35,Male,62.8,189.2,59.9,193.3804366145869
46,Male,79.4,143.2,37.9,189.3759884929951
52,Male,66.8,186.6,17.7,182.99778012982804
55,Female,78.7,281.4,60.5,61.66769441100732
33,Male,75.6,174.9,61.1,427.27842748334206
37,Female,88.0,166.0,50.0,205.00499673674142
41,Female,68.1,169.1,91.4,188.6502365738188
52,Female,73.2,190.5,34.6,238.51955575478607
61,Female,84.6,289.6,67.3,186.30119425160893
36,Female,72.2,270.3,56.5,121.61338427504076
21,Male,74.7,192.8,69.4,129.5797448619775
50,Female,70.1,167.9,39.9,160.18393230664876
19,Female,73.0,112.0,22.3,12.524633839706473
30,Male,83.1,154.4,36.4,299.2461283316415
62,Male,97.0,101.3,48.7,0.0
47,Female,54.9,237.0,63.6,212.8595602998091
51,Male,59.8,266.8,50.3,245.45712330040342
47,Male,73.3,181.2,54.3,512.0363355823744
41,Male,75.6,219.2,84.5,248.77857989955862
61,Female,72.4,145.6,49.5,182.15771138302256
50,Female,68.4,103.0,39.4,194.22207403734035
58,Male,60.2,202.8,58.8,87.48225482809671
27,Male,67.7,219.2,15.7,60.31338892078789
35,Female,84.8,285.2,15.6,58.79776216465725
36,Female,76.1,303.2,47.3,154.77452449032089
24,Male,83.1,186.1,31.3,217.14059629236152
36,Female,60.6,245.6,37.8,132.86187905713425
41,Female,92.3,215.8,68.7,165.2497884429352
32,Male,68.3,200.1,60.5,92.16646244203679
58,Male,80.7,198.1,48.5,289.06431810191316
59,Female,73.5,192.8,51.7,203.6019626113763
40,Female,68.5,194.9,41.5,306.5010322501684
21,Female,80.2,282.8,67.0,163.62456543057561
55,Male,82.2,210.7,65.9,185.3336577971116
21,Male,107.3,287.1,69.8,528.7229912844775
22,Male,82.7,155.1,68.9,189.98043841672134
58,Male,82.5,58.4,51.1,241.84196479660008
61,Female,88.7,176.9,36.0,187.1754593780012
40,Male,81.4,158.2,46.7,308.44032778465214
57,Male,74.5,125.3,52.3,221.17027635423636
54,Female,78.9,265.0,36.5,453.0322671236774
28,Male,85.3,133.2,82.6,135.93089030447157
28,Female,91.7,229.1,82.7,245.43549030204315
30,Male,56.9,300.7,47.6,4.9356462106386525
31,Female,52.3,142.5,70.6,42.49349305986593
25,Female,91.2,188.5,61.2,0.0
42,Female,65.4,267.6,40.1,57.25152511657683
35,Male,55.1,179.2,58.2,0.0
61,Female,54.0,216.6,34.5,137.2271304968617
61,Male,96.6,232.0,32.4,78.88479063647628
35,Male,85.5,208.7,59.5,433.50144366541514
27,Male,65.5,177.6,59.8,268.90033059586835
24,Male,66.0,161.0,103.9,203.9984387345483
61,Male,75.7,145.3,46.9,234.1741882961142
31,Male,85.3,229.8,39.4,263.39322782748917
32,Female,71.5,167.1,68.5,281.3943064367838
33,Female,65.6,259.8,49.5,102.82044401976034
19,Male,88.6,279.5,37.0,119.41451494253268
47,Male,74.7,142.2,38.3,284.84106722917414
47,Male,72.7,236.9,46.4,412.23552352823975
35,Male,82.1,302.9,71.1,17.476336041443496
48,Male,49.4,157.2,58.6,265.7454636620969
61,Female,80.7,260.0,33.3,270.2529363942709
30,Female,79.9,228.1,86.7,176.6479778734294
37,Male,58.5,248.0,31.9,244.70288611558118
52,Male,51.7,162.2,35.3,260.2407649473113
40,Female,68.2,295.3,73.3,362.1627027874557
59,Male,77.2,166.5,80.0,278.04612192929676
50,Male,78.4,232.0,57.1,0.0
55,Male,95.4,196.8,24.2,203.62137324431225
52,Female,77.2,226.8,51.9,150.385202112373
53,Female,58.2,150.8,22.7,236.33810314538246
37,Male,72.0,138.6,99.7,229.32949767729414
20,Female,59.4,214.4,55.7,166.5584817432695
25,Female,72.9,181.6,66.0,163.42846191608817
57,Male,91.9,179.9,42.6,231.7596339546185
49,Female,80.5,227.2,86.1,131.82328205346883
46,Female,66.4,125.3,40.0,100.0617808339133
24,Female,82.1,260.3,32.8,112.05008455691696
19,Female,65.7,206.0,56.1,194.57061106696867
38,Female,41.8,238.1,67.6,223.36939356037257
23,Female,60.2,226.4,92.6,378.27511679517914
45,Male,80.5,229.1,82.3,24.384200160721086
59,Male,84.3,140.1,73.9,286.8305137715265
53,Male,95.6,258.2,36.3,390.5799384637967
49,Female,79.1,213.6,35.9,74.58993728187504
62,Male,91.2,176.3,32.4,317.4417438764089
59,Female,82.6,193.7,47.0,116.77093696462713
63,Female,86.2,218.1,11.7,85.44792437252968
26,Male,88.2,209.0,77.3,115.02141118050207
28,Female,80.8,229.9,29.5,138.65921671430814
40,Male,87.9,282.7,27.0,201.65445976741262
28,Female,66.6,148.2,41.9,197.4773968226314
19,Male,45.9,237.5,23.2,8.024002512432993
20,Male,82.8,194.6,62.9,334.6993120395625
28,Male,79.5,257.1,30.7,324.7733791962971
52,Male,64.5,281.3,60.0,263.40582155348386
32,Female,59.9,209.8,68.5,392.802650941997
60,Male,76.6,231.0,39.0,368.3877315091444
28,Female,83.6,260.8,35.7,84.52967678341294
48,Male,81.2,249.9,34.0,38.890084444841335
45,Male,62.8,262.8,28.4,116.14969128319787
45,Male,65.5,185.1,41.6,135.63079073602916
49,Female,83.0,174.2,51.3,0.0
42,Male,75.9,143.2,22.3,259.69969410328247
37,Male,87.7,190.2,37.2,26.689046802600817
45,Female,71.1,195.8,53.2,155.58934888877508
42,Male,83.9,192.8,50.7,312.5800785034478
28,Female,74.5,224.6,-3.3,235.0667535438423
36,Male,66.3,225.9,62.7,185.19923224274984
45,Male,86.1,196.7,74.8,110.15500253216427
18,Male,63.1,217.3,38.5,388.7540009894784
22,Female,75.9,241.3,15.3,251.63568481493837
27,Male,77.1,160.1,34.7,313.0336966411051
59,Male,73.6,246.7,34.1,116.6727235743148
63,Male,86.9,169.4,74.0,26.859110741257155
51,Female,81.9,272.0,28.1,260.6764843646485
53,Female,80.4,208.3,42.8,125.38990304099633
19,Female,75.8,203.2,83.6,271.07110762646005
35,Female,97.3,110.5,53.2,77.19129525833225
30,Female,92.6,232.9,53.9,262.9386828175938
22,Female,86.0,204.8,48.0,275.55004934079574
37,Male,84.1,208.7,69.6,184.968251169662
19,Male,67.8,195.3,58.1,219.93953110279097
28,Male,74.4,231.3,87.1,41.92997037349012
47,Male,82.6,241.3,89.3,52.70058478980431
49,Male,87.6,224.2,56.3,269.6092756257535
49,Female,85.7,265.9,49.3,85.68615639824174
55,Female,82.0,164.0,53.3,146.89613576396255
45,Female,99.0,170.4,38.7,150.14762476087031
27,Male,73.4,220.3,52.7,278.10329451488155
39,Female,87.2,233.1,21.2,201.06504934573928
34,Male,85.7,225.8,35.8,291.1447500727681
39,Female,80.3,135.6,65.7,176.52393230427913
60,Male,80.8,139.9,60.8,234.33384829759805
36,Female,80.5,190.8,47.5,127.0456649873092
34,Male,66.5,110.5,58.4,335.28910640190173
41,Female,79.8,213.0,80.1,333.76009537058934
53,Male,84.0,196.3,42.3,321.36975211882964
49,Female,78.9,154.3,21.3,170.50063542322212
63,Male,52.9,172.4,62.5,155.79153378040044
53,Male,56.0,205.5,60.7,220.2789579452852
45,Male,65.2,125.3,65.2,162.23505863235232
31,Male,73.7,169.8,26.1,110.18583725865204
53,Female,65.8,186.8,20.0,112.99757271732817
23,Female,82.8,185.0,55.3,315.6410116156375
26,Female,89.3,186.4,53.9,125.47663771888438
38,Male,91.0,268.0,42.9,445.893912512914
29,Female,79.0,247.4,78.9,52.719671789185945
47,Male,88.0,167.8,49.8,214.44563313402318
48,Female,68.2,148.1,74.6,241.36339647321373
57,Male,73.2,179.3,67.6,317.80692024904164
21,Female,61.0,261.4,28.2,35.222641438730804
48,Male,89.5,93.6,32.3,34.70917220814149
44,Male,98.6,204.2,24.4,272.4964885691198
42,Female,70.8,184.6,58.6,91.96821274591053
22,Female,49.0,259.9,52.0,229.82961367473786
23,Female,63.5,249.1,77.0,250.42867226347406
22,Male,67.2,126.6,61.9,112.03567615341696
44,Male,59.1,259.8,24.0,142.51061844912232
25,Male,62.6,83.3,40.8,0.0
26,Female,77.5,230.6,7.8,209.40371786065677
32,Male,82.9,235.1,55.9,440.52503441616034
53,Female,50.2,284.3,105.8,21.178251777572484
58,Male,68.6,211.4,52.6,395.2896563162066
24,Female,75.5,166.8,54.0,281.4053079426013
49,Male,62.2,149.6,49.7,277.81581242295556
25,Male,77.8,273.0,57.1,132.3397112462628
64,Female,73.6,284.9,46.9,125.7933798033672
32,Male,69.6,177.6,62.4,259.27332597824636
54,Male,64.6,201.1,34.6,272.3722377192367
36,Female,78.3,268.2,35.4,124.80691150925333
56,Male,65.8,238.5,24.2,239.45012096345894
23,Female,54.2,190.7,49.3,109.64448124257552
36,Female,75.3,162.0,27.9,142.0119147090653
45,Male,60.1,157.9,79.1,177.49622895084607
34,Male,55.2,247.7,41.4,350.1092543517123
59,Male,76.6,181.6,10.6,9.39382937929726
36,Female,73.0,179.7,27.3,174.31408561650872
48,Male,64.6,230.6,52.7,225.0639015829884
28,Female,77.7,204.0,63.0,0.0
32,Male,80.1,219.5,57.1,347.0387446134814
27,Male,77.9,183.8,33.6,359.62142851910716
60,Female,77.4,181.7,38.6,94.89586043047927
40,Male,55.7,163.3,36.2,275.8969377105914
20,Male,90.5,235.4,61.3,242.5110782789037
20,Male,81.7,204.3,52.3,525.6462024561663
35,Male,63.6,214.7,41.1,248.88804035581688
42,Male,74.9,149.0,36.8,237.65479978752822
60,Female,77.1,234.8,39.5,217.06359926265225
37,Male,74.5,215.6,50.2,399.5029376998927
46,Female,96.5,236.5,76.8,386.6121383616574
39,Male,51.7,217.3,53.7,126.00462677230765
32,Male,57.3,214.3,43.3,266.7311539381163
56,Female,47.4,109.0,41.7,92.21862148445496
27,Male,76.0,256.9,84.0,531.4950604948002
38,Male,81.5,134.0,66.5,226.4321680322408
46,Female,79.3,251.9,69.6,252.93859860598977
49,Female,71.5,196.4,64.9,110.99506564300623
27,Male,79.9,119.7,49.0,257.6257950628377
30,Female,71.4,195.7,74.0,0.0
64,Female,83.9,125.0,20.6,249.60759245334546
40,Female,88.3,255.4,81.0,285.78619509998606
40,Female,63.8,174.2,64.8,99.17329231385847
48,Male,71.5,147.9,59.7,0.0
21,Male,73.5,233.0,34.9,411.5100163119163
20,Female,92.1,197.9,68.6,245.1397200554703
38,Male,65.2,226.0,72.9,280.1476265465124
19,Female,88.2,194.3,35.9,125.09786835429102
21,Male,57.4,257.8,36.5,161.55806132028027
18,Male,89.9,179.9,29.3,411.32264275905356
32,Female,85.2,121.2,61.0,120.96605834625892
50,Female,73.1,145.3,48.0,154.1170571968611
23,Male,86.0,221.8,92.4,193.5433303935368
24,Male,69.0,167.1,19.3,245.80735136087813
36,Male,63.9,264.2,32.6,187.58020576314146
61,Female,95.5,141.5,50.2,123.27578465619486
18,Male,68.5,250.9,63.3,456.074654445747
56,Female,83.1,178.3,62.4,168.7699131066879
36,Female,88.3,265.4,51.7,184.65217552910224
62,Female,84.7,225.3,57.0,205.61338883758012
43,Male,82.2,209.6,52.4,55.824324137401796
61,Female,83.2,233.2,71.0,211.85248249723793
29,Male,87.7,261.3,38.9,225.74673526228915
39,Female,78.8,197.5,41.1,79.64373901442619
30,Male,74.5,106.2,63.8,189.73446309680207
45,Male,58.6,260.0,81.4,269.83606014395144
31,Female,78.8,186.4,37.3,136.4426727466909
39,Female,87.3,328.0,54.8,208.73722381687105
47,Male,61.8,169.9,42.4,96.40044682185737
61,Male,72.3,181.0,61.1,55.345591990729936
37,Female,80.1,237.2,17.2,62.40116170687706
61,Female,93.1,238.1,43.1,116.07664932200791
44,Male,61.1,221.1,38.5,196.48054694982613
55,Male,84.5,172.0,43.2,144.5622150775473
59,Female,70.7,142.0,-0.8,25.153030082700504
58,Male,66.9,166.1,90.5,20.87404902413004
51,Female,64.0,124.2,0.1,22.91384302193668
56,Female,67.1,303.2,59.5,124.3558458094908
58,Female,81.0,148.8,24.1,66.78279301838032
61,Female,72.3,185.3,25.1,96.25883119591624
54,Male,83.6,234.6,52.8,361.71038574163777
18,Female,61.5,200.3,63.8,35.092786320572294
32,Female,83.4,170.4,28.5,169.65408071487295
49,Male,80.2,192.6,27.8,44.6340440173217
25,Male,56.9,169.6,24.1,23.919655373042037
50,Female,93.1,187.3,54.3,159.40206563644938
35,Female,79.1,219.5,29.1,201.993724159922
62,Female,84.2,148.2,75.8,196.50496602919785
46,Female,88.9,254.0,26.9,238.33269419570703
49,Female,86.6,203.6,60.8,125.55353763139169
50,Female,73.5,170.8,80.9,161.16472237663416
22,Male,83.7,184.2,51.4,142.31690576311502
35,Male,53.3,258.4,14.2,351.2430118800428
27,Female,79.7,240.9,58.0,58.72997232286463
53,Male,95.8,212.0,45.1,248.8423969798499
50,Male,66.7,170.0,49.2,54.81115637201593
40,Female,86.0,228.4,81.7,174.00482993747158
57,Male,96.3,200.7,51.0,0.0
22,Male,83.3,287.3,60.3,252.24992799496374
51,Female,87.3,198.1,36.8,314.20412501176656
41,Female,56.2,284.2,44.4,85.322526475604
34,Female,63.8,209.7,72.5,128.50353524052952
48,Male,92.2,148.2,52.7,338.7180133850552
24,Female,86.5,364.8,55.7,148.1928896760023
34,Male,81.0,127.7,70.0,326.7906069195436
45,Female,71.8,101.2,82.6,175.88665695925053
55,Female,78.4,96.3,26.9,248.0882476731795
39,Female,95.9,337.0,40.2,0.0
32,Female,73.8,306.2,79.2,155.5664163048135
54,Male,83.4,207.2,89.8,57.31964111107363
32,Male,83.1,221.7,44.8,135.21262773512058
42,Female,67.0,212.5,55.4,165.28858568890914
38,Male,67.9,111.5,57.0,177.36562002853583
55,Female,93.3,272.9,54.7,67.29582089576249
19,Female,81.8,266.4,55.0,261.99110410667885
44,Male,66.8,138.4,77.3,312.2324173175875
49,Male,71.3,216.3,14.0,15.59913911236207
38,Female,63.2,196.3,36.9,210.2895912535429
21,Female,87.8,189.4,62.8,146.74783713115576
61,Female,72.0,166.0,40.1,163.47851974625834
36,Male,72.1,194.4,55.7,436.37577754874155
19,Female,85.1,173.7,71.7,154.57101645165028
43,Female,54.8,253.2,82.0,191.03455986088778
51,Female,74.6,198.6,55.5,183.5744041431205
31,Female,74.9,165.4,79.8,183.28359306372934
32,Female,71.6,198.7,52.8,59.10338339077268
37,Female,68.4,192.9,43.9,363.88028303636884
51,Male,66.5,190.8,19.1,0.0
53,Female,78.4,233.9,29.9,70.5193391012554
36,Female,62.9,186.2,50.1,102.61039489641959
26,Male,76.9,171.4,50.5,332.23627596159815
24,Male,68.4,132.0,54.6,11.815692560189214
47,Female,69.2,199.6,86.7,130.0744960143219
30,Male,77.4,262.3,65.0,279.04866148666304
44,Female,69.0,193.8,66.1,27.641061820589574
61,Male,90.2,174.9,86.6,193.80298681947443
52,Male,73.3,162.1,42.9,192.6212308019063
30,Female,87.6,113.8,39.8,75.51845793401083
32,Male,65.9,258.8,74.4,186.34990124181994
63,Female,65.6,224.2,59.7,105.84110340111935
26,Male,55.0,238.5,49.1,323.97810126469085
62,Female,69.1,212.6,48.8,217.21640148707928
40,Male,72.2,159.7,46.6,179.92285688352993
53,Female,75.9,184.2,48.0,129.31165779209695
57,Female,83.4,175.0,49.9,100.18457939802934
20,Female,82.5,179.2,44.1,270.28220634506033
51,Female,88.6,179.5,61.1,196.33271601733188
36,Male,64.4,255.2,64.9,187.89148364889022
45,Female,75.4,301.1,38.7,160.33406385228713
40,Male,63.0,156.4,68.1,465.4608095258358
57,Male,80.0,191.5,24.6,114.74239898790705
62,Female,96.7,210.8,60.1,253.2492831298168
24,Female,60.6,151.0,61.1,155.44812952383606
58,Male,83.3,202.6,48.3,191.32176011720003
29,Male,87.6,217.6,51.1,101.42254863807324
31,Male,64.3,196.1,45.3,322.47224983344705
63,Female,80.2,231.4,39.8,189.36366579755315
32,Female,70.7,200.0,50.0,237.96220307801934
20,Male,73.5,56.7,39.1,376.1142535022985
32,Male,70.3,152.0,72.8,247.99088639220145
41,Male,72.3,271.6,7.9,102.3867690404143
63,Female,88.9,226.0,47.3,300.6886547073827
25,Male,74.1,57.4,12.0,122.2144155805139
22,Male,67.8,124.5,28.7,325.18229932368047
21,Male,75.8,236.1,38.5,0.0
31,Male,49.5,171.2,76.8,387.41684517511595
33,Female,65.2,64.9,73.1,0.0
37,Male,90.0,253.0,51.5,160.3228167230635
41,Female,73.3,236.2,51.3,46.342560704857654
23,Female,69.3,158.5,70.7,317.0192552483873
48,Male,77.1,262.3,72.6,111.07027385395833
23,Female,83.8,160.4,38.5,169.3635616012795
52,Male,90.9,168.9,63.5,258.08458555448925
32,Male,69.6,175.7,30.9,7.838800076243418
46,Male,69.9,105.2,42.2,356.37622368035227
20,Male,72.3,220.6,61.9,184.90398721309526
28,Male,87.3,226.0,36.8,402.4220913248815
20,Female,75.7,177.1,42.9,202.41173624898516
45,Female,101.0,235.3,16.8,60.91285934918113
27,Male,73.1,120.4,59.0,160.20377254085986
50,Female,96.2,234.3,32.3,107.55913054922267
33,Male,64.3,216.3,33.6,329.21321928812563
27,Female,58.3,165.5,77.1,191.35216132999358
50,Female,73.8,220.7,36.3,67.73266251869993
53,Male,88.7,155.9,65.0,315.0054817847421
20,Female,69.3,255.3,72.0,203.64737469716016
22,Female,67.6,226.4,68.3,181.7419535571944
29,Female,87.3,218.2,45.0,199.5402946359661
61,Male,83.5,176.9,41.5,333.0609179350842
30,Female,65.5,238.8,31.7,56.003957568219036
41,Female,64.8,260.2,14.8,145.27131191206698
61,Female,85.0,280.3,65.4,275.6505109575431
49,Female,55.4,172.7,63.5,236.5414228404132
33,Female,88.0,240.9,59.5,280.09750057094936
49,Female,83.3,269.8,-6.8,66.58740476811398
62,Female,47.6,187.8,46.5,388.1044593269295
54,Female,75.2,270.3,62.6,334.9404417055888
53,Female,51.3,207.9,75.7,55.54737120103392
38,Male,60.5,149.1,56.0,173.46927746106576
64,Female,69.0,164.5,53.9,182.7089583111624
29,Female,59.8,127.8,36.4,75.63821191609416
38,Female,101.6,198.1,57.6,189.04804412831928
38,Female,85.4,192.0,45.3,179.64216364703535
60,Female,91.4,209.4,35.4,285.4533177024436
23,Male,73.3,268.1,26.9,283.2755240401282
26,Male,75.4,199.2,31.1,0.0
18,Male,94.0,186.6,56.5,323.5936388459683
29,Male,80.2,190.0,22.2,376.5913445161164
31,Female,82.3,107.3,44.1,126.87854824803578
23,Female,64.1,234.2,76.2,132.6812331536202
18,Female,64.0,192.5,21.3,143.83424954083867
39,Male,78.1,204.0,59.0,118.5999834987809
51,Male,79.5,190.0,60.9,497.48024639460203
28,Male,63.0,206.4,44.2,88.97390385190423
20,Male,79.3,134.4,62.4,304.6185932781456
59,Female,60.3,199.9,46.2,235.0636318185704
23,Female,75.2,169.8,65.9,85.8294609813657
23,Male,57.8,201.7,28.6,83.48246593485618
37,Female,90.9,149.3,87.8,139.04896012014885
38,Male,71.3,223.9,78.7,274.477795784367
19,Male,66.7,201.1,5.4,256.0738068895767
43,Male,61.3,135.2,73.4,416.2868474889488
48,Male,60.1,247.3,38.5,136.12392811310357
43,Female,80.2,174.3,78.7,93.84138256494936
49,Female,87.0,182.1,70.2,202.66488969183698
27,Male,85.8,239.9,28.3,0.0
40,Male,91.8,253.7,61.5,124.02515502000716
23,Female,96.0,176.7,36.0,134.01078987388865
40,Female,86.5,205.6,60.8,145.9387862585118
45,Male,69.0,234.1,50.9,131.0782645845569
47,Male,77.0,263.2,35.4,0.0
31,Male,47.9,204.4,23.3,368.88950638869744
54,Male,82.7,223.6,54.6,414.7917838248573
49,Male,76.8,154.3,59.3,0.0
51,Female,94.1,124.4,46.8,205.09373470521143
58,Female,66.1,227.7,34.5,148.23541581830742
61,Male,81.2,159.7,40.3,260.6867059648161
39,Male,63.0,153.8,28.1,217.21472517427983
48,Male,73.7,232.1,64.7,6.159740378456257
24,Male,55.4,192.6,6.8,291.36158794406583
58,Female,91.3,211.4,69.0,78.91616084768933
38,Female,87.6,135.8,48.5,0.0
33,Male,69.3,154.4,60.4,249.19573631097265
37,Female,78.1,281.5,62.4,0.0
60,Male,75.5,167.1,52.3,327.69846175889205
61,Male,67.7,189.8,42.2,167.43554276556813
64,Female,76.5,211.9,72.1,144.61969500706172
36,Male,69.7,146.5,15.7,284.3454046595236
49,Female,86.8,267.6,76.0,148.8463971736069
32,Male,72.5,200.4,27.5,127.01554484497537
22,Male,103.7,188.2,43.5,340.5347523637545
28,Male,74.1,253.4,78.6,203.45559662399012
32,Male,76.4,245.6,94.6,53.803403972925864
46,Female,81.3,298.3,53.6,185.58944144631644
62,Male,85.0,178.1,22.9,191.99948396281792
21,Female,75.9,309.7,67.1,147.65112088187126
53,Female,81.1,232.3,49.2,131.197157532643
40,Male,77.2,284.5,28.8,214.88171854416677
32,Female,65.7,249.3,54.4,276.98491867048017
63,Male,62.4,167.9,23.8,95.75680462908643
61,Female,83.4,158.3,53.9,0.0
20,Female,93.2,109.8,31.6,148.3451169790198
49,Male,55.4,99.5,10.6,346.0710324710859
27,Male,57.8,169.4,16.8,0.0
57,Female,57.7,263.4,37.8,180.29154456315044
55,Male,84.3,175.1,60.0,11.817037425585436
39,Male,85.3,166.2,75.1,299.7572675689219
31,Female,63.3,235.0,78.6,150.38355755706394
34,Female,101.5,156.9,19.8,61.76007338901168
38,Male,70.4,292.0,45.5,0.0
32,Female,92.2,186.9,37.8,322.625499644202
32,Male,84.7,246.5,47.9,483.60340412792
18,Male,63.5,190.0,78.2,62.56244386821518
41,Female,70.0,201.2,53.2,34.695395346019
29,Male,64.5,256.4,67.4,220.25883301043282
27,Female,58.9,211.5,94.2,101.4948376416738
63,Male,72.0,274.7,18.7,142.6448544430264
59,Male,60.6,160.8,40.5,232.0481197151438
59,Male,72.9,135.0,61.4,458.98483853394794
48,Female,98.2,112.5,55.3,249.73455342168054
28,Female,83.4,262.7,71.0,118.57140595478081
33,Male,68.3,245.1,42.3,322.1739721440871
26,Female,67.3,186.7,54.1,0.0
64,Female,70.2,214.9,34.9,141.50027428599182
31,Male,99.9,253.5,71.3,164.01010130900306
36,Female,61.9,190.5,50.8,262.3665043222092
48,Female,75.0,112.0,78.1,199.08578207542848
26,Female,80.6,112.6,78.2,151.61517842803875
53,Male,89.6,145.3,24.4,253.46200475292335
56,Male,71.0,205.1,81.3,157.35001902373668
43,Female,63.4,152.9,68.6,213.20797214230078
25,Male,78.5,251.7,46.9,239.847219509589
41,Female,90.8,136.3,66.8,128.7096016040521
25,Male,71.7,165.3,39.8,218.33647266987833
36,Female,64.9,108.9,77.2,211.31797683715743
64,Male,76.3,177.7,52.0,329.57518737478574
47,Female,55.5,200.4,67.8,122.21145007729183
39,Male,72.4,253.9,37.4,73.76234594084524
26,Female,89.1,206.0,55.6,99.01511295983597
61,Male,85.5,237.0,67.7,134.40552317067494
21,Male,73.3,250.3,56.2,213.35799431169906
54,Male,94.9,219.6,61.2,334.4949842571862
25,Female,97.9,155.2,34.8,110.57515048941005
18,Female,83.0,220.2,56.1,156.80745188034842
45,Female,57.4,274.4,34.9,131.67605689063308
23,Male,52.4,184.3,49.6,204.0657366856888
64,Female,91.6,227.7,40.1,192.15210266375698
53,Male,77.9,226.4,45.9,373.59653305110595
28,Male,94.6,181.6,15.0,245.876100234801
22,Male,58.9,246.9,50.5,0.0
41,Female,73.1,180.8,47.8,115.5130764609983
64,Male,87.4,222.7,19.7,403.2352976632973
35,Female,66.2,188.0,56.8,222.11459888394975
37,Female,87.2,202.2,66.5,214.66519284124155
45,Male,73.5,246.7,56.3,331.9087008202145
30,Female,75.3,102.7,65.7,252.9442222595615
22,Male,60.8,230.8,39.5,338.9493361016048
47,Male,78.0,235.4,45.7,50.646572418601686
18,Female,101.3,171.3,51.5,142.56555518174346
39,Male,79.7,198.4,52.9,243.44822005940975
35,Male,65.5,151.2,3.0,195.9252390952827
63,Male,91.7,160.0,31.6,122.20550175452522
22,Female,65.9,213.5,70.0,163.47958282947323
48,Female,95.7,331.3,34.4,0.0
23,Female,59.7,233.2,45.1,158.56961899604022
44,Male,78.3,157.6,49.0,117.26661348572905
42,Male,93.3,238.8,23.2,0.0
46,Female,64.6,229.0,81.6,141.6415224582731
45,Female,76.0,113.7,49.4,250.93318463478994
33,Female,88.9,184.2,32.9,0.0
29,Female,47.9,192.9,63.0,131.54249920774365
37,Female,86.1,205.9,44.1,0.0
35,Male,73.9,198.4,51.2,261.7363856547215
51,Female,92.3,207.4,78.2,260.49508606104297
40,Male,65.1,153.2,39.2,86.87738388016965
62,Male,58.4,183.7,72.9,129.65325306244677
44,Male,68.5,186.7,43.2,175.18376176781132
34,Male,68.2,258.0,51.4,340.9802419677047
38,Female,72.5,165.1,56.1,8.686792538580391
57,Male,69.4,187.8,43.1,142.7309588637944
48,Female,50.9,182.2,29.7,282.2606067797631
20,Male,73.9,279.4,59.1,113.60268629125292
34,Female,77.8,233.3,72.4,115.23957317110529
43,Female,72.7,153.3,62.5,145.2708567606286
40,Male,78.4,219.9,62.0,538.2553226935776
23,Female,76.0,149.4,40.8,32.40626401432164
45,Male,58.4,213.0,63.8,279.78679263208596
25,Female,71.4,268.3,57.2,28.962453533462213
62,Male,76.4,102.2,67.3,60.753488760077396
25,Male,72.2,149.6,52.0,145.4280289710854
36,Female,57.1,207.8,61.9,179.82067659478471
55,Female,89.7,180.2,40.3,103.93586931574552
46,Male,63.3,210.7,63.9,219.84799184922872
40,Male,60.1,195.8,24.8,115.65707858182859
64,Female,75.5,116.0,43.3,148.12001002173406
49,Male,71.2,231.1,36.1,28.701479356190678
27,Male,82.2,133.3,120.1,34.00470301692708
44,Male,85.5,210.3,63.0,144.09091662791158
18,Female,83.6,177.3,28.3,223.4037319086974
56,Male,75.0,320.1,22.6,224.33026361074496
46,Male,81.6,194.0,15.1,103.63420208407362
62,Female,56.3,217.5,27.2,39.243139332342146
20,Male,88.1,227.7,33.0,339.9027652796622
64,Male,70.1,216.9,30.5,363.57857925428294
54,Male,98.6,198.7,40.7,255.4796025474831
48,Male,88.5,150.5,66.7,244.84289700363377
28,Female,72.6,194.4,46.0,0.0
39,Male,75.3,106.7,64.3,258.28230831808486
35,Male,89.2,224.4,28.7,387.02826863208395
52,Male,47.9,346.0,42.3,347.2669660358428
23,Male,73.1,208.8,31.2,374.21930393991084
20,Male,95.4,217.0,58.9,0.0
22,Female,85.1,122.4,46.4,80.76147865381309
26,Female,64.9,159.2,85.5,119.68473020894355
45,Male,78.8,244.7,36.6,104.21686315080484
36,Male,63.3,127.6,29.2,43.27554326266687
45,Female,70.9,163.6,55.9,158.9741224028796
44,Female,79.0,228.4,46.5,265.28414489061987
30,Female,81.1,240.5,60.1,9.232391087805658
55,Male,83.8,194.5,48.8,319.4759253403484
60,Male,89.8,206.1,47.2,240.79305934859514
38,Male,60.7,206.0,36.6,454.2395989892352
44,Male,75.3,138.3,44.6,302.8612305353364
63,Male,64.8,196.3,19.4,222.52722736765352
23,Male,70.2,212.1,74.0,231.28855304777778
55,Female,65.9,195.6,75.4,135.72217709879789
28,Female,81.0,103.7,68.8,297.77958836623066
64,Male,87.6,276.8,40.8,257.1336076355213
58,Male,88.3,145.3,37.4,147.75646373093278
34,Male,61.7,203.6,60.0,293.5757618675341
56,Female,73.5,216.1,31.0,169.09342404578976
24,Female,61.4,177.3,72.7,100.19880427334485
47,Female,61.0,212.2,2.4,63.13717354436977
38,Female,67.1,161.2,41.0,247.44815580472178
18,Male,79.1,307.4,28.7,173.98675064492573
42,Female,81.2,187.0,74.9,126.94442918175761
49,Female,82.9,245.0,71.5,187.78088672834036
25,Male,82.1,145.4,61.3,119.41162396129805
22,Male,64.8,236.1,88.3,219.8156455106285
47,Male,89.2,164.1,50.2,157.24656240535205
25,Female,84.6,130.3,62.6,0.0
36,Male,70.0,146.7,18.0,241.67671967649707
61,Female,70.5,157.6,43.6,150.39218014988742
47,Female,67.1,205.6,52.2,188.44966739901665
32,Female,59.5,343.8,31.7,0.0
53,Female,83.0,336.8,55.1,16.1742545727231
61,Male,84.9,183.9,10.6,384.6232383826579
44,Male,63.9,248.0,60.0,190.2732194513843
30,Female,60.2,137.3,41.3,0.0
31,Male,63.8,94.8,34.3,199.2510012429033
54,Female,76.3,201.5,64.9,0.0
47,Female,58.4,227.3,79.3,77.5151157200253
56,Male,88.5,239.2,67.8,225.28268901026036
64,Male,87.8,254.0,33.8,259.31650980275117
30,Female,80.1,183.5,63.4,239.72634270140182
33,Male,84.7,203.6,44.9,282.74300247805076
61,Female,75.7,241.1,72.6,202.71458486690014
24,Male,80.6,259.7,54.4,163.9607505547892
44,Female,59.4,154.6,20.5,55.229916390386464
62,Female,91.7,210.5,45.2,151.88067419248495
52,Male,69.2,232.5,33.5,335.70022352660294
32,Male,73.5,207.4,34.5,336.5183827292686
45,Female,104.8,168.9,43.5,137.63016781273876
52,Male,72.4,200.2,55.5,209.67092230377952
24,Male,83.9,226.5,68.2,78.9352254203175
63,Female,81.2,162.0,39.5,269.94355685123986
63,Female,59.0,140.1,74.3,311.26865650840494
37,Male,63.0,303.0,16.0,290.5278456832832
49,Male,99.4,209.4,33.2,0.0
55,Female,81.9,246.9,91.0,225.296491443502
57,Female,74.8,210.5,27.1,262.25142841193565
49,Female,68.6,252.5,75.0,32.895908483596294
43,Female,78.8,204.0,49.5,190.36144260067505
56,Female,80.0,229.4,48.6,110.66633193199714
37,Female,77.7,144.5,68.7,294.6931704485554
35,Female,87.8,111.7,65.9,29.639206960431636
32,Female,64.6,176.2,76.7,106.4538689787407
39,Male,63.0,128.7,45.1,0.0
39,Male,87.5,94.2,52.9,268.63064039721314
38,Male,100.4,215.1,45.0,294.16638220334295
19,Female,85.1,111.5,27.8,185.77750022216915
57,Male,90.6,247.5,53.4,145.9422711446734
60,Female,74.1,272.1,46.7,105.4207093733255
35,Male,78.2,127.9,12.6,155.53343921693173
40,Female,78.0,214.4,72.2,230.43305103705103
30,Female,74.3,292.9,53.0,4.445443789900005
58,Male,91.9,176.4,36.0,166.31650348268593
26,Female,88.4,230.5,56.6,2.592733507095907
24,Male,70.2,319.6,39.5,137.88792916963425
58,Male,55.3,116.1,54.0,210.98795004346562
18,Male,74.2,149.0,77.7,516.8181545696584
19,Male,61.1,228.2,58.0,117.72444927069441
21,Male,75.3,308.6,40.3,367.6643284847264
31,Male,62.1,164.4,29.4,0.0
49,Male,90.1,321.8,35.7,209.96828770188768
53,Male,83.2,206.6,66.2,185.05219432947982
19,Male,82.9,101.6,48.9,279.23668052845574
57,Female,87.9,279.5,61.2,102.56164069721531
31,Female,79.7,176.8,44.4,57.40408304081477
37,Male,81.6,222.4,31.3,0.0
42,Female,92.2,117.0,62.0,149.41818515765846
59,Female,73.4,162.3,33.8,81.31727086203819
25,Male,82.3,125.2,41.8,345.5955278731122
45,Male,62.4,119.9,25.5,253.35099051735912
63,Female,76.0,204.9,31.3,241.42258708932778
38,Male,102.1,228.3,67.9,79.6922688343301
40,Male,84.8,172.7,71.0,222.1998046283849
49,Male,74.0,128.1,71.8,239.12222594623591
25,Female,78.2,136.2,71.9,92.61589401867
48,Male,74.7,218.6,42.9,377.53578975812434
54,Female,77.8,205.5,63.3,250.76277419341838
33,Male,70.2,219.4,71.1,431.08968401408845
57,Male,80.9,277.9,32.5,313.4419929624639
59,Female,81.4,228.8,53.9,347.862864047762
44,Male,75.1,220.5,47.4,427.88576693615136
57,Female,76.7,318.4,12.6,107.17281658908394
58,Female,79.1,186.3,56.5,2.7317171078210527
35,Male,68.7,319.2,35.7,446.66694285224656
52,Male,80.8,271.2,71.0,271.39974243562324
32,Female,84.4,185.1,34.8,176.20454947757452
44,Female,92.6,240.2,56.6,108.29473946620674
34,Male,78.8,189.2,52.2,284.4316998580878
57,Male,68.3,128.2,15.5,308.10610873862925
19,Male,73.8,199.6,43.6,307.1221130195325
48,Male,61.3,126.6,57.1,120.70856094894727
54,Male,83.7,211.6,70.5,372.88281059659045
58,Female,50.3,240.0,50.4,169.36933459503425
58,Female,87.3,189.2,68.1,210.26686141333266
51,Female,88.7,211.5,60.7,250.20197257368017
51,Female,39.8,210.7,61.4,395.9597599804187
20,Male,90.3,242.2,62.3,231.2194564725644
34,Female,87.3,204.5,44.5,136.30113827105612
31,Male,71.5,184.3,30.2,446.82422278805814
31,Male,60.7,239.9,81.4,375.7260004402389
63,Male,64.9,207.9,65.4,218.94957419844584
55,Male,65.9,93.2,48.6,245.99300610542394
52,Male,90.8,182.5,62.3,0.0
18,Female,69.6,174.1,57.9,122.47884004722525
46,Male,85.9,207.4,32.9,12.540680769711937
21,Male,73.5,202.0,43.2,0.0
50,Male,75.7,102.5,76.5,133.30353157022617
34,Female,56.1,125.4,49.9,11.366093792173192
45,Male,61.2,152.4,57.5,147.71701572400647
43,Male,90.5,203.2,75.2,223.00142649211395
25,Male,73.1,253.7,49.8,282.1550343128124
51,Female,78.6,119.8,31.4,152.5732214239843
35,Male,96.7,166.4,52.3,26.691592178251007
48,Female,73.5,197.6,38.8,122.43838418508903
44,Female,72.8,153.4,22.2,42.76114319500107
33,Male,89.5,204.4,66.1,389.7826825019494
27,Female,75.1,232.0,44.9,136.30797741467705
57,Female,78.8,162.2,-9.7,31.196848842759355
29,Male,87.0,216.4,55.1,54.558962680859366
39,Male,75.0,194.3,55.3,225.73280433013542
33,Male,84.5,142.5,89.0,207.88181146548652
29,Male,73.6,193.0,49.9,195.86512906770756
28,Female,86.8,222.8,71.4,243.54851156955448
37,Female,80.1,270.7,62.9,48.11614307634152
18,Male,72.3,282.2,38.2,329.45189675528707
44,Male,75.9,171.6,57.0,183.3924208096428
20,Male,45.7,168.6,46.7,348.39403235085285
29,Female,89.3,202.0,36.2,92.3173759502544
47,Male,59.9,172.9,39.7,295.8756964517323
26,Female,62.2,260.7,37.0,70.29972673497866
54,Female,69.7,205.0,49.8,329.7678134182915
18,Female,53.5,202.8,49.9,122.1064700096173
59,Female,80.6,232.2,39.0,86.62881081133617
21,Male,79.3,208.0,45.8,43.345014252753124
32,Male,69.2,215.3,12.5,204.19098956627786
44,Male,66.9,213.2,29.8,200.84489058707783
25,Female,66.7,192.8,44.2,17.19907059872029
40,Female,82.4,154.9,83.4,69.98440627354458
32,Male,55.9,288.0,62.7,0.0
44,Female,70.1,154.7,30.5,31.594918772224855
48,Female,56.6,282.7,82.3,113.95619753919236
56,Female,84.2,217.1,50.0,177.0477748328954
64,Male,71.0,169.9,27.3,168.3274044551262
25,Male,81.6,227.7,48.4,268.5044866978692
47,Male,90.0,239.3,69.7,65.91660548789149
59,Female,90.2,285.9,27.3,164.2754621963287
35,Male,62.7,134.2,29.3,170.8327364190727
21,Male,78.7,193.0,86.1,191.5981922476232
64,Male,88.5,268.9,55.9,212.8287423820912
60,Female,83.4,237.3,40.6,87.39768542064718
39,Female,84.5,224.3,47.9,0.0
20,Female,53.6,273.9,55.7,43.70354404119685
32,Female,83.2,191.0,46.1,9.425767426297591
52,Female,65.5,80.1,77.0,107.69653686464795
64,Male,83.0,181.7,52.0,306.9147095893963
55,Male,82.7,300.6,63.3,397.3395806192423
50,Female,82.1,214.9,51.7,98.51652976121807
31,Female,73.7,157.9,49.3,113.67536075356102
18,Male,90.8,266.7,67.9,430.1769132132971
43,Female,81.1,242.2,68.3,116.58593239935585
25,Female,78.9,207.4,17.3,94.25534664763632
33,Female,63.8,229.3,49.6,126.03983073552106
55,Female,79.8,149.1,91.0,95.94955376335523
27,Female,98.7,181.9,41.1,72.55955543042239
59,Male,58.3,196.8,59.1,12.916422086256382
54,Male,83.8,255.0,74.9,427.6042561569807
43,Female,85.3,172.6,27.8,216.97902359880987
45,Female,95.7,198.7,42.5,313.0746711140988
29,Male,83.7,272.0,18.6,348.09510265058
37,Female,75.1,326.2,52.1,161.3293721256564
31,Male,80.1,156.5,57.7,0.0
63,Female,71.8,207.0,62.9,49.36357338674748
52,Male,89.6,124.6,81.5,172.19847745052044
46,Male,56.4,199.3,51.3,65.39749917929082
29,Female,69.1,185.5,26.9,0.0
35,Female,80.4,262.6,32.4,61.073792055877306
61,Male,89.1,141.4,34.8,159.84270935547886
19,Female,74.8,134.5,54.2,330.3603135217841
19,Male,65.6,276.0,97.0,121.98768977847507
34,Female,72.5,168.3,48.6,197.09754217947474
27,Female,70.6,209.9,77.5,46.752383240824265
35,Female,71.1,214.8,47.7,137.0283273476342
39,Male,69.8,160.6,26.8,204.4061290077395
36,Male,69.8,160.7,33.7,402.3490683409357
18,Female,54.4,256.3,35.4,0.0
41,Male,78.6,233.9,47.6,98.42956350167195
53,Female,83.1,199.2,58.1,164.89559962333095
42,Male,93.0,193.2,36.8,256.2125807370639
53,Female,85.3,215.8,65.8,30.28409137227779
48,Male,84.7,219.1,70.9,176.2457557310429
48,Male,78.6,263.1,44.7,211.11359555497188
19,Male,53.8,199.0,68.4,378.3158603110802
36,Male,78.4,222.1,11.2,210.86977137509987
29,Male,76.3,235.9,2.8,172.13762945502575
27,Male,87.4,236.8,66.7,106.89065020136646
48,Female,81.8,272.5,41.6,177.876607614455
62,Female,73.4,199.4,94.1,114.35138665262447
39,Male,98.5,171.7,48.1,113.35548151161788
40,Female,85.2,182.1,30.0,52.87255594374234
40,Male,79.1,232.0,83.7,176.23296963887387
32,Female,80.5,194.6,63.1,200.12231128724414
43,Female,75.7,314.3,81.0,88.12904680124558
20,Female,75.2,200.6,38.3,158.70283081365008
40,Female,49.0,152.3,57.3,103.41075897796522
37,Male,64.0,216.1,32.5,228.45189263012503
62,Female,68.5,276.9,15.1,163.65144423794902
57,Female,80.4,159.2,64.8,75.14328293372277
56,Female,55.2,157.8,40.9,252.28747245688342
25,Male,68.7,190.7,30.1,5.6667549577523495
35,Female,67.2,167.7,22.2,274.1801134433103
58,Male,76.4,132.5,53.7,257.175956014626
23,Male,80.4,123.0,51.3,300.93737417082355
44,Female,67.3,211.6,40.3,0.0
53,Male,68.1,235.8,36.5,200.5673035784419
32,Female,66.8,164.9,65.3,310.73781286798777
54,Female,70.3,196.5,0.4,135.2908917049484
22,Female,74.4,209.2,62.6,164.30474405830665
56,Female,90.8,144.7,59.3,38.09287390995683
26,Female,62.9,242.9,25.4,6.129904916077091
24,Female,96.0,210.6,11.3,177.9065483721843
58,Female,60.2,226.2,61.8,71.08680496496952
37,Male,86.5,234.0,26.5,119.26679907262064
27,Male,69.3,321.3,81.5,192.73142402066674
43,Female,64.1,148.8,92.4,234.73156161626483
21,Female,90.8,155.4,58.5,189.26162085965242
55,Male,76.0,284.1,48.0,233.27518545760256
41,Female,75.5,232.6,45.6,202.49403156666597
31,Male,71.7,203.5,15.9,323.19134340226884
58,Male,68.0,176.1,44.3,164.9841829550045
18,Female,72.9,188.4,40.8,329.45177467326596
34,Female,36.3,189.4,37.3,37.45570948847255
62,Male,52.8,125.3,57.8,0.0
41,Male,79.7,248.7,52.6,359.1830521799645
44,Female,89.2,99.5,65.7,68.41885943107891
24,Female,91.4,157.5,41.1,0.0
26,Male,63.5,178.4,62.1,175.78195705210837
60,Male,77.3,307.2,50.2,398.6848631945056
52,Male,48.7,195.0,61.9,164.93627253358358
29,Female,70.8,215.8,48.4,0.0
38,Female,84.9,156.1,85.6,100.08961427902989
20,Female,74.8,243.4,1.2,128.48126706892108
32,Male,71.0,347.6,62.5,168.79858823989034
38,Male,74.8,224.6,67.1,104.74465146901055
27,Female,90.4,183.2,24.7,87.75685084986627
50,Male,72.1,98.4,86.5,320.0624205798692
63,Male,75.9,234.7,50.4,128.24432604616138
23,Male,93.2,150.7,47.5,200.74736280832792
19,Male,72.3,162.2,57.4,246.1512063840784
46,Male,55.4,246.6,67.8,128.91158721377613
57,Female,91.4,176.3,52.6,69.90502247666966
50,Female,87.2,195.3,52.0,155.08733850231695
21,Female,48.4,237.5,66.8,0.0
21,Female,73.4,164.7,69.4,316.91651719421486
46,Female,74.7,135.6,56.7,92.35647429647061
54,Male,91.4,223.2,19.0,164.7998638850365
37,Male,74.8,237.7,29.6,317.5219678683763
58,Male,77.0,171.1,71.7,176.0412307742987
40,Female,77.4,168.6,44.4,97.93503654117438
62,Male,69.4,145.0,38.0,20.57215774186992
35,Male,90.6,235.7,58.8,200.89062446401562
42,Male,65.5,295.9,56.3,118.50315554140639
18,Female,69.2,246.6,45.6,355.5269105631634
32,Male,74.9,195.4,64.9,163.97068461662295
51,Male,58.9,235.8,24.6,0.0
37,Female,96.2,158.4,15.4,211.99416743023474
54,Female,75.0,218.4,80.1,54.6675948140563
44,Male,84.9,145.7,27.5,225.66283714920817
39,Female,63.5,193.9,20.5,239.03889252970276
22,Male,83.5,253.8,43.5,154.14124092511128
51,Female,84.6,240.6,49.4,123.22829620395137
56,Male,86.3,228.4,40.4,332.28596612254944
20,Male,97.9,220.8,45.4,381.07515844685895
34,Female,68.3,163.2,21.6,120.74666032969944
41,Female,72.8,207.1,64.3,345.342550761712
41,Female,64.9,239.2,19.4,0.0
20,Female,73.8,187.8,50.5,53.2523806740938
62,Male,83.0,189.8,54.7,143.99499579284472
24,Female,82.3,176.5,63.0,223.740387232684
42,Male,94.7,185.8,54.5,258.90243483462103
20,Male,80.9,161.3,28.2,116.05316996747636
32,Male,75.0,201.2,41.8,45.542323072118464
46,Female,61.9,184.0,35.9,0.5128497505555707
46,Male,85.4,126.3,18.5,270.7831702497997
27,Male,73.1,330.0,58.7,158.9970151295089
49,Female,85.7,148.1,34.9,260.1647580269565
40,Male,69.9,193.3,53.0,8.993638380382093
56,Male,89.4,203.1,47.8,286.22095374828075
26,Male,79.6,173.3,27.3,177.35571324839222
54,Female,86.9,195.5,25.9,76.78607432794911
57,Male,79.6,159.1,43.3,123.45654498061666
31,Male,63.9,236.4,23.7,202.97433379639745
21,Male,70.6,198.9,69.8,209.96608176566843
37,Female,59.6,235.9,76.9,62.7491178218967
45,Female,77.2,273.5,65.7,190.61513508165476
31,Female,57.4,185.9,57.0,222.2613039330555
61,Male,78.5,238.7,51.2,170.45652282047737
51,Male,31.6,276.8,29.0,258.48097944110873
30,Male,84.7,193.8,66.6,172.40941698905323
48,Male,61.8,234.6,77.4,530.5079385874748
50,Male,63.6,176.7,43.2,226.92417832854076
56,Female,91.5,259.9,49.3,187.00418000547617
45,Male,78.8,175.0,33.8,349.1870315168039
42,Male,85.2,235.2,43.4,107.12140852844395
49,Female,62.9,249.8,24.8,235.57242934800712
26,Female,86.5,141.1,44.2,231.6755291472835
45,Male,73.4,166.7,58.7,260.380151843337
48,Female,76.4,164.6,56.5,193.55437950341516
34,Female,92.9,254.0,55.0,86.14823123253248
40,Female,61.0,141.2,1.2,381.8330674579211
30,Male,86.0,216.3,51.0,0.0
27,Female,79.6,236.3,62.3,59.25701272723106
33,Male,72.4,208.5,49.8,22.190598763806744
23,Female,61.9,263.7,72.7,311.65719112666784
28,Male,72.3,103.8,48.0,183.44779213538925
20,Male,65.2,230.4,57.9,78.0800071965135
45,Male,89.2,190.9,29.9,131.8012768118268
58,Female,76.1,124.7,61.7,0.0
32,Female,66.9,145.9,65.7,175.2687382077506
30,Female,57.7,278.3,35.7,204.9431867559368
59,Male,69.4,231.6,21.4,227.3318366636048
62,Female,89.8,240.1,41.0,80.39368108958215
34,Female,76.3,247.9,30.0,283.7189957174778
24,Male,72.8,132.2,62.0,330.0579876174205
45,Female,95.4,212.3,40.2,0.0
55,Male,70.0,254.9,64.4,193.9122307351916
30,Female,65.3,179.9,18.7,31.20621397315764
34,Male,79.8,268.1,33.4,389.95103920414147
32,Male,80.0,169.4,34.7,129.82719483083181
53,Female,68.0,206.2,55.5,11.345868066290466
45,Male,65.4,219.9,8.5,195.86603175720106
32,Female,92.4,237.7,44.5,276.6998238626981
63,Female,69.8,185.6,42.7,232.53610310315017
28,Female,57.6,250.6,57.2,80.1869328186403
48,Female,77.3,221.4,51.0,138.19790153973418
21,Male,85.7,118.1,30.9,351.8770213364522
52,Male,72.7,291.8,4.8,365.8740549898374
51,Male,81.4,152.1,34.6,0.0
44,Female,62.4,296.0,24.7,140.91254391774862
27,Female,82.5,192.1,25.8,113.35882641671839
47,Male,63.5,182.8,35.3,138.987843389033
62,Male,78.7,220.0,66.4,355.5217594279004
37,Female,84.2,165.1,24.6,13.556988975277248
46,Female,76.2,105.7,12.9,237.88707876666948
46,Female,60.2,194.5,38.4,0.0
40,Male,60.7,218.8,44.4,109.62172321913727
38,Female,94.1,276.9,43.1,132.1173011279844
60,Male,65.8,140.4,36.8,26.591635143705997
27,Female,84.2,229.0,45.1,371.5681468632834
58,Male,76.4,194.8,54.3,114.79860412789816
29,Female,63.0,201.7,32.6,60.159452092523686
47,Male,68.6,248.6,70.0,110.43666027987375
50,Male,95.4,174.4,46.3,285.9860506790912
35,Male,116.9,208.4,69.6,333.56596097454326
31,Female,71.2,254.5,55.3,88.91058459019943
39,Male,70.4,251.5,24.8,232.9639255779277
38,Male,55.3,139.0,10.9,270.38398446961617
18,Female,55.2,169.4,71.3,6.366624099604116
60,Male,64.7,192.8,31.8,193.1673443941108
32,Male,69.7,240.7,48.1,126.15652645576596
53,Female,74.7,187.4,37.9,0.0
64,Male,83.3,204.1,76.8,245.05763479554213
39,Female,77.7,262.5,48.5,218.41255431336725
49,Male,83.5,183.1,22.4,214.8586657169482
63,Female,67.6,273.7,44.7,0.0
50,Male,74.2,119.7,72.5,130.19431540196135
58,Male,70.6,180.4,32.6,89.43009833593653
56,Male,59.8,131.7,18.8,429.7336786481018
40,Female,51.3,205.8,64.6,109.26026650680781
60,Male,67.0,237.5,30.4,0.0
19,Male,45.2,191.9,16.0,192.00960438326388
19,Female,61.4,176.3,31.1,229.7008490076872
55,Female,81.5,132.0,54.4,140.58675378602638
46,Female,77.2,284.1,57.7,67.09012805396765
63,Male,75.3,198.9,56.9,129.4776528804954
20,Male,89.2,177.4,28.4,332.07140603502745
56,Male,66.3,278.1,66.9,230.3066712883817
24,Female,83.2,182.4,63.7,325.51176144755993
53,Female,65.3,154.5,58.7,143.9482911556925
46,Male,78.3,164.5,27.9,0.0
54,Male,76.8,157.1,37.0,159.4870192785136
53,Female,77.5,146.7,55.6,91.0432121514191
40,Female,70.4,165.3,60.9,0.0
62,Female,78.8,320.7,29.1,148.06380778125416
33,Male,79.8,142.5,84.4,158.38142338086683
48,Female,57.8,125.4,46.6,173.9973662811221
51,Female,85.2,213.9,68.3,271.71189356417756
18,Female,60.2,196.2,24.5,113.18585519323138
35,Female,64.5,233.0,53.5,277.05168044248046
57,Male,77.9,172.3,24.1,180.36276100227067
60,Female,82.2,156.6,52.4,196.15438329734025
32,Male,77.6,283.7,58.6,217.25928878286555
34,Male,78.9,119.4,59.8,260.44722765111044
61,Female,61.4,218.0,34.6,142.43324219677126
27,Female,68.7,234.5,13.0,289.3390451497836
37,Male,50.4,241.1,55.8,298.44000490474485
23,Female,64.0,184.8,41.4,149.63483345376278
25,Male,58.9,137.6,41.4,298.6941376398553
62,Female,75.2,275.0,31.0,161.07031756364788
51,Male,103.3,177.7,48.3,354.82886369221177
49,Male,84.1,276.5,49.3,44.5115192529366
59,Male,48.1,218.4,70.5,533.7460840248389
21,Female,56.8,175.8,9.1,138.40404883333304
61,Male,59.4,219.7,22.9,46.09445947503867
56,Male,53.9,257.5,58.6,323.4669602646311
37,Female,71.6,204.1,5.4,287.0362116870873
41,Female,77.7,163.1,34.9,45.70558842179985
41,Male,59.5,110.6,96.9,148.02622995426356
43,Male,72.3,178.8,43.8,311.4613336299467
42,Female,77.6,240.4,63.4,224.46954061883483
53,Male,83.4,149.5,15.8,127.74801521163675
24,Female,76.9,234.1,63.4,124.00444642176811
27,Female,79.0,201.4,41.9,21.137694028838386
64,Female,74.6,237.3,55.2,48.2951697660628
29,Male,62.8,83.0,60.5,0.0
18,Female,65.5,129.0,39.1,94.15833693301974
42,Male,59.1,176.9,59.1,312.944550430253
33,Male,93.0,293.3,27.0,168.60502911659654
22,Female,57.4,162.3,50.5,267.88367470000486
36,Female,86.4,193.7,59.8,81.1769235825803
21,Female,57.5,307.5,38.6,0.8198064098439398
23,Female,84.2,221.4,30.1,289.54495825017796
43,Male,86.7,243.0,40.3,269.595592646045
56,Male,88.8,167.9,71.2,378.1506199216473
56,Female,62.5,258.9,68.1,125.85748232677189
26,Male,77.0,266.6,64.6,431.3602019270222
62,Female,67.8,225.1,80.2,45.93143803972345
31,Male,64.4,195.7,50.1,146.5845395534983
26,Male,75.5,228.0,53.5,234.03136113510797
32,Male,84.8,118.7,10.1,146.145166075952
54,Female,67.9,254.4,31.8,149.69509735652466
37,Male,79.0,157.5,60.2,392.6488001991013
25,Male,64.1,186.1,67.4,255.77004194480216
49,Male,62.5,265.9,24.1,182.045948954708
64,Male,71.1,254.9,48.1,377.36283838253047
38,Female,71.8,118.9,93.2,204.9364607975984
58,Male,83.0,152.6,48.2,183.73941143190277
36,Female,60.0,232.0,78.9,153.8732790448246
46,Female,100.9,113.0,56.9,109.94675391775729
48,Male,53.5,271.0,61.2,328.10729579279786
23,Male,77.7,205.9,31.8,319.89711044011324
21,Female,71.6,270.6,17.8,238.96460052925656
60,Female,67.2,162.8,64.4,201.751341658783
46,Female,72.9,167.2,56.1,101.7160553333301
59,Male,83.1,251.7,51.2,252.81658710943225
20,Male,84.9,185.2,23.5,128.4068110627281
18,Female,72.4,138.0,42.9,168.02331636523158
61,Female,79.0,228.1,37.7,258.42716620885756
32,Female,59.0,120.4,39.6,229.81751026877765
64,Male,72.8,272.1,54.6,343.65046792595894
38,Male,79.7,209.2,64.1,191.35575976525513
63,Female,47.6,155.5,55.7,236.55251331002006
48,Male,76.0,257.3,53.9,112.70577133538823
24,Female,73.0,258.1,52.3,3.5903925982747906
34,Male,90.2,200.2,46.5,233.45779125484663
36,Female,77.0,313.8,33.4,112.57141694894793
56,Male,80.8,312.6,50.9,469.1971748906236
20,Male,71.7,216.2,64.9,416.34734194461316
47,Male,82.6,253.3,47.7,101.62822919546232
52,Male,81.7,265.4,31.6,328.13324790196134
46,Male,59.3,143.3,26.1,0.0
31,Male,78.7,214.3,30.9,226.70721674772
52,Male,89.2,165.9,27.1,254.15636310512286
45,Female,86.8,158.9,107.8,42.25895191168259
47,Female,75.3,206.1,32.4,139.9888818748508
43,Female,78.9,209.8,49.2,51.98718478056312
24,Male,86.0,119.4,48.3,334.3952959472098
56,Male,61.3,217.2,78.3,227.62127119201193
48,Male,80.7,187.5,58.6,417.2053936291207
22,Female,51.3,269.9,58.5,0.0
52,Female,85.3,258.1,53.5,62.30266044551705
64,Female,70.4,157.2,55.5,92.39160911907864
31,Female,74.0,265.6,56.4,200.0330559330287
53,Female,68.3,226.8,37.5,182.5262591038753
44,Female,74.5,189.1,31.7,164.80892718015775
41,Male,78.1,174.4,51.2,106.52838929024408
57,Female,84.1,142.6,39.3,0.0
46,Male,90.6,139.1,53.7,96.96787695322442
62,Female,75.6,108.6,28.4,301.3118244666004
39,Female,55.1,201.0,20.5,86.94701317687287
25,Male,90.7,97.0,24.4,209.38159703562602
32,Male,57.3,156.7,48.5,205.45422705556396
22,Male,69.9,232.8,17.7,230.51268238088315
21,Female,69.1,274.7,89.0,17.699197831003282
28,Female,75.1,142.6,89.0,203.92851284851915
35,Male,59.8,230.5,67.7,186.71993128385583
59,Female,59.3,184.5,42.6,353.0018189854017
47,Male,74.7,174.2,40.3,155.2965937652754
32,Female,65.4,207.7,55.9,204.53483051356872
23,Female,91.2,167.3,61.9,104.17822555380113
33,Female,68.4,195.8,55.9,325.4615228348382
64,Male,62.7,203.5,23.8,301.30274147355715
57,Female,95.1,258.0,46.2,21.173631657607398
26,Male,80.6,268.9,60.7,376.55659150436713
60,Male,107.6,170.1,2.8,282.788141871759
51,Male,51.9,186.5,27.9,131.79033197544535
44,Male,77.5,240.2,60.5,0.0
30,Male,80.8,191.0,43.8,381.01876045132616
53,Male,75.3,235.7,43.8,466.76558921289495
44,Male,70.7,245.1,72.2,370.88093271837585
26,Male,89.9,251.0,48.9,330.16949785135574
22,Male,80.6,204.4,40.5,265.96674258446217
39,Female,54.7,141.8,43.8,209.6362903884869
48,Male,64.6,191.6,44.5,174.96600366521582
20,Female,61.0,174.6,33.3,0.0
47,Male,73.5,238.9,45.5,312.0865060834644
38,Female,86.4,276.3,27.2,175.2855624863135
52,Female,70.4,277.7,43.3,8.224703939354665
23,Female,72.0,244.3,39.7,0.0
45,Female,63.3,153.3,54.6,158.19816195653397
49,Female,84.1,270.2,80.3,120.74711841635614
59,Female,89.8,221.3,55.2,102.53060742317399
54,Male,74.6,158.8,52.1,252.52614608130784
42,Male,94.0,243.1,54.7,111.15741448161086
49,Male,68.5,188.9,32.7,267.68577151467855
52,Male,58.2,102.5,64.0,296.5033154888595
39,Male,84.7,151.0,58.1,0.0
41,Male,73.8,196.7,49.1,207.6527186133973
56,Female,68.0,194.8,57.1,145.3046248160194
47,Male,75.9,146.8,56.6,331.3372722702972
49,Female,56.0,237.6,56.6,206.43752919042797
48,Female,54.0,226.0,69.9,0.0
40,Female,76.1,128.2,34.8,143.310924196168
57,Female,80.2,331.7,76.2,129.1383217637216
50,Female,91.7,139.3,17.9,272.983203976004
42,Female,85.6,177.1,63.2,24.515073275591053
53,Male,82.6,218.8,53.4,221.84083979670478
41,Female,90.2,177.3,30.7,254.85084226020714
48,Female,80.9,272.7,70.6,212.40854335628293
56,Male,70.9,191.2,13.7,184.52336074988114
63,Male,85.9,153.9,82.5,376.19499530901294
30,Male,85.5,230.7,95.1,94.32215322585783
27,Male,74.9,55.0,46.7,300.51085608611567
40,Male,60.6,226.7,29.4,352.35181130319
35,Male,53.6,264.5,38.4,17.64456071811072
49,Male,85.1,84.7,69.5,342.21215403059716
50,Female,80.7,179.8,43.6,0.0
53,Male,82.4,117.7,-8.7,236.160045026653
45,Female,85.6,200.7,57.7,99.13753174312488
33,Male,64.2,312.2,67.9,333.8076416747389
33,Male,52.5,211.5,60.3,232.64030393950696
35,Female,81.2,189.1,63.5,286.49571873229354
25,Male,89.4,58.8,82.1,347.4742664263835
59,Male,79.2,144.7,45.8,212.14181341645343
33,Male,57.2,193.3,84.4,350.48109263601447
28,Male,77.9,204.7,46.9,171.46070879490895
23,Male,61.5,217.2,72.5,60.20387214109761
18,Male,56.5,238.4,47.2,146.83477867093276
29,Male,74.9,154.7,90.8,192.10151829689212
55,Female,76.9,202.0,63.0,0.0
45,Male,73.8,175.2,48.1,398.5517331884146
62,Female,80.3,153.1,26.0,122.48070383514107
34,Female,65.5,156.4,54.1,262.3527905840075
18,Female,76.0,227.0,33.6,141.50699289182535
49,Female,69.2,71.8,58.8,0.0
25,Female,72.0,107.2,63.2,145.80288351293902
57,Female,78.2,358.4,70.8,150.64155236846983
60,Female,87.7,166.8,60.8,69.63214765242061
63,Male,78.5,273.4,51.6,146.40352408299813
41,Male,82.5,196.8,76.5,220.95607429848718
27,Male,75.1,171.9,78.8,0.0
64,Female,80.9,232.9,28.9,171.61074275385093
56,Male,87.4,204.0,85.2,252.83456075659225
56,Female,97.6,191.0,74.6,198.4857727323458
27,Female,89.5,197.8,32.9,133.27157887918287
53,Male,74.3,219.7,12.4,423.91030571300564
42,Female,88.7,165.6,74.1,179.2120594131688
27,Female,81.6,175.9,54.1,99.44243431691348
36,Male,67.7,151.1,40.9,36.60505908397797
63,Female,81.8,139.6,56.3,12.670257548655558
62,Male,61.5,292.5,73.7,241.4558031952151
32,Female,81.8,154.7,9.4,194.6050147498031
33,Female,96.0,249.9,52.5,169.74152100366547
19,Male,84.9,182.2,51.1,212.6277093967482
46,Male,89.4,227.0,79.9,162.56599705799914
21,Male,70.5,199.9,66.6,261.18013414593946
46,Female,80.8,110.4,66.4,59.91814455694002
48,Female,83.4,201.4,41.1,149.69267296775985
34,Male,71.3,230.3,63.4,211.00634602882897
27,Male,83.2,152.3,40.3,292.288888901913
44,Male,80.5,316.1,47.8,84.72412553923986
58,Female,83.3,240.6,61.5,47.62486307296813
32,Female,62.6,241.0,51.7,135.24960345333565
61,Male,90.3,246.4,56.3,250.07952238742885
48,Male,80.4,83.3,76.3,179.61401067459346
38,Male,73.6,235.2,42.7,0.0
58,Female,73.9,313.8,29.2,173.74074773963736
63,Male,74.5,238.0,31.9,508.619454423512
62,Male,65.1,186.9,27.5,343.992757953851
43,Male,89.3,144.2,82.1,0.0
55,Female,86.6,139.4,63.1,114.86382767857964
53,Female,87.4,133.4,71.4,121.83903879355125
34,Male,93.2,180.0,67.8,156.7396401591542
20,Female,77.3,146.6,46.0,21.834459499284275
31,Male,55.1,192.4,82.6,84.31801215494045
30,Male,82.5,210.2,36.2,297.208008953447
58,Male,82.1,114.0,90.2,299.52241678314385
44,Male,93.6,161.7,52.5,179.18259982550967
18,Female,88.0,171.0,85.8,198.83649609893885
34,Male,76.6,169.6,29.0,113.76058094665031
51,Male,73.3,200.9,41.4,156.35385156348912
31,Female,87.0,206.2,17.9,117.2839638145666
34,Male,43.1,178.8,70.8,0.0
20,Female,77.9,166.4,55.1,111.8517650025264
51,Male,86.3,199.0,90.3,388.18671630780267
57,Male,73.5,272.1,40.3,370.99673014718326
42,Male,70.4,127.2,76.7,213.53569521441372
19,Male,78.5,256.6,51.6,187.8273905016401
51,Female,91.2,118.3,48.1,352.84716739302553
43,Male,80.4,218.1,44.2,182.509581244474
48,Female,66.9,252.5,33.1,96.74115595227539
26,Female,89.6,133.8,57.5,228.71848561800527
47,Female,91.9,217.5,54.2,0.0
37,Male,65.3,147.7,18.5,190.0149045297563
38,Female,108.6,258.5,-0.2,134.38584638414147
46,Female,75.0,120.0,43.7,215.9562799300697
42,Female,86.4,155.4,73.2,85.11651572156501
55,Male,83.7,206.6,54.4,195.06207537694715
61,Male,66.6,235.6,23.9,229.7915308347794
42,Female,69.6,204.6,14.5,103.56993133104739
26,Female,75.8,224.8,73.1,128.75512314480122
56,Male,52.6,172.5,16.9,299.4129828119125
61,Female,84.9,145.4,65.2,205.37270671116443
43,Female,52.3,273.2,61.4,207.77308260689034
54,Female,75.2,224.9,82.7,0.0
33,Male,66.9,175.6,37.4,241.44915363781354
54,Female,81.9,117.3,68.8,61.47972485558062
29,Female,48.5,261.2,78.0,316.1529830099832
41,Male,55.1,263.2,23.3,192.39073028868805
43,Female,67.8,189.1,52.7,123.51896213604219
37,Male,81.2,167.0,49.2,382.8500662502034
26,Male,77.7,187.0,28.7,375.6883562793723
40,Male,87.6,189.5,55.3,173.7218273830315
56,Female,76.3,238.5,26.6,34.56292735952047
46,Female,74.8,143.1,57.6,0.0
48,Female,62.1,170.8,93.5,49.43908373988075
36,Female,72.3,190.8,45.9,158.2282658645496
37,Female,74.8,212.9,48.1,128.3140758649497
40,Female,50.3,243.3,78.3,49.42251629669114
60,Female,64.3,215.5,75.2,100.87174768588065
44,Female,80.6,287.6,37.6,260.41783302581473
47,Male,77.2,150.4,63.8,361.43717833938865
38,Female,72.0,273.1,-9.1,275.9130690851138
61,Female,67.7,152.3,29.9,74.44894569889476
52,Male,54.1,180.2,71.4,289.94169776057316
24,Female,48.9,219.4,39.8,200.34332914362236
39,Male,71.3,258.9,46.0,426.66745705861416
27,Female,92.9,180.3,31.5,133.6078445193175
40,Female,75.4,219.6,28.3,62.3139590031264
32,Male,87.3,184.2,0.1,79.5392519387548
47,Male,60.9,85.2,42.7,199.51608016755102
51,Female,78.4,198.1,59.3,161.59309485050602
30,Male,66.6,137.9,54.9,265.78840059997583
21,Female,66.1,263.6,33.4,9.238995063411542
35,Female,83.9,263.9,21.4,282.74248718920717
40,Female,73.6,158.2,42.5,13.385636731050138
50,Female,58.4,150.5,23.4,290.42972168779653
51,Female,76.2,168.6,34.6,100.06500954384494
51,Female,66.4,226.6,52.6,283.50027751149827
53,Male,57.7,226.8,32.6,0.0
52,Male,63.1,370.4,75.7,352.6295748296438
34,Male,99.6,184.6,29.1,65.7978373352105
45,Female,89.5,204.6,37.9,39.95528686846959
31,Male,50.8,296.6,67.0,462.0775047516121
51,Female,72.7,214.3,63.8,242.07912119386057
28,Male,73.6,145.6,60.3,2.723675464411461
30,Female,71.8,217.1,37.2,143.46090114876642
50,Female,67.0,235.2,61.7,238.82335744508865
19,Female,84.0,182.9,65.8,222.34450114917942
51,Female,86.3,239.8,58.8,127.8688265317571
46,Female,87.6,235.3,49.4,231.99168112896479
54,Male,79.0,177.1,61.5,265.4940183663711
21,Female,82.3,277.6,48.5,0.0
29,Male,70.9,160.8,58.1,235.48727158466693
43,Female,56.1,221.9,51.5,206.50967298899238
45,Female,55.8,169.9,19.8,155.55715138794554
20,Female,64.8,115.4,38.3,118.9562355907191
37,Male,72.6,217.9,91.6,259.80259179269433
27,Female,59.6,296.5,11.3,163.41781088680023
35,Male,61.4,197.3,81.0,0.0
44,Female,70.5,125.3,62.5,14.297135930916559
48,Male,85.4,211.1,50.7,254.0011270698791
44,Male,79.0,159.1,16.4,286.10044262043607
59,Male,64.6,252.7,50.0,94.96371591021422
18,Female,75.6,188.6,35.1,226.14281813344306
23,Female,59.1,111.4,73.8,192.2366414693981
28,Male,64.6,225.4,36.7,192.59560300295192
51,Female,55.1,210.4,44.5,187.2613152005124
56,Female,80.1,185.0,54.9,209.21305756320035
37,Female,71.6,148.1,37.1,201.03579354209032
38,Male,73.1,289.5,69.2,333.80898322444494
38,Male,84.7,177.4,44.1,56.26498764308185
35,Female,63.0,244.9,12.4,76.4728736656244
38,Male,80.6,176.8,53.0,386.6852865334754
36,Female,98.8,234.0,66.1,223.4354010409507
21,Female,63.2,202.7,78.8,188.5673818240627
30,Male,56.2,201.4,61.1,318.4483886633778
35,Male,59.9,158.7,73.1,354.66572300442124
46,Female,79.7,226.4,59.8,164.71756568731843
42,Female,96.0,270.3,30.8,112.1519967078175
30,Female,95.5,148.3,34.4,217.8370925352779
44,Male,85.1,158.4,4.0,206.08020458675534
36,Male,85.6,347.2,45.7,435.5290464752207
18,Female,80.6,149.9,63.1,322.7146777866756
55,Female,83.7,172.3,18.4,231.57930936722187
36,Male,78.6,269.2,75.9,29.975315154169497
18,Female,65.4,270.7,47.9,36.35570667772277
57,Male,95.6,78.6,32.1,27.67758185897576
34,Male,91.0,238.3,18.3,248.7316448478561
38,Female,65.7,190.2,83.2,232.3352029423488
39,Female,82.8,192.5,73.6,108.20696333089438
32,Male,92.5,258.3,41.9,104.01482774347897
56,Female,80.0,182.6,68.6,141.6663747635049
56,Male,72.5,174.4,45.8,91.64294083887468
49,Male,92.2,183.9,37.9,227.84279528217235
21,Male,78.1,182.5,36.9,157.78958935002612
61,Female,67.5,217.4,45.4,81.38934130398455
62,Female,61.2,266.2,42.0,161.07691073820072
49,Female,39.8,221.4,51.2,233.34852699426068
21,Male,98.7,199.4,82.2,0.0
18,Male,65.0,227.3,95.6,221.41802447209042
50,Male,86.6,239.0,25.9,0.0
24,Male,64.0,228.9,59.2,154.15466381954568
26,Female,77.0,166.6,54.2,238.4485254817746
18,Female,80.4,221.2,60.6,224.354808729793
33,Female,60.1,94.0,41.0,88.89099428784922
35,Male,86.5,276.7,60.9,118.58631819107136
64,Male,72.6,276.6,22.4,154.16467538148737
23,Female,81.6,244.5,117.6,39.811655309289236
19,Male,92.5,262.3,55.8,223.58188634284775
26,Female,83.9,196.3,64.6,48.711347136078786
21,Male,73.9,162.5,27.6,267.43898826588537
62,Male,98.3,137.3,36.1,115.93365542447171
40,Male,74.5,250.4,20.6,145.23772295463752
60,Male,76.1,162.5,79.1,295.4143390840683
62,Male,73.0,181.3,27.8,261.7432467944353
60,Female,60.3,211.2,46.2,167.3168342606527
25,Female,59.0,198.1,47.1,157.64614699443516
56,Female,68.3,213.2,59.5,36.18410935208642
42,Male,62.8,109.6,24.2,203.56890846485746
33,Female,71.7,188.3,67.2,139.4918141907785
52,Female,84.9,241.2,74.9,114.36047141874515
34,Male,70.1,178.4,36.8,200.57782653090985
35,Male,77.6,156.9,49.3,92.38506007389276
44,Female,68.9,247.7,62.5,129.6771035483194
32,Female,105.5,178.8,55.1,99.67456153059132
34,Female,93.1,209.2,30.0,89.86076892346671
60,Female,72.0,189.5,64.0,32.75406795554756
22,Female,78.3,200.0,80.3,31.102932697943316
33,Male,58.9,276.5,80.2,346.2813437534278
32,Female,72.4,228.6,61.5,140.5685455163098
59,Female,67.8,138.9,65.3,312.63676815480073
63,Female,83.9,181.4,42.2,301.19902966119076
51,Female,63.8,179.4,31.7,264.2494013950609
36,Female,94.9,210.8,48.6,19.690640443189107
25,Female,74.2,245.4,95.3,304.0257362938671
64,Male,64.6,201.6,39.4,204.14238618082396
27,Male,75.4,200.1,58.7,148.37244896420412
22,Male,83.8,88.4,57.6,137.41206989296322
43,Female,81.2,266.2,42.5,124.69381670920546
39,Female,76.9,191.6,79.7,174.9312342876358
61,Male,85.5,212.9,81.8,508.91705877168243
40,Female,84.8,212.8,103.3,0.0
30,Female,84.9,161.5,34.0,300.18603717062416
26,Female,71.7,187.8,58.1,249.91473648260856
37,Male,71.6,161.1,51.8,188.62525578121608
45,Male,72.5,269.2,36.3,148.83044828935368
61,Male,69.1,88.8,36.7,20.324714759641186
54,Female,76.3,152.3,53.3,53.48300703827723
41,Male,74.9,183.9,40.7,127.4483374133808
61,Male,94.9,274.9,30.4,198.11538265679994
50,Male,68.9,235.4,52.5,201.58854828232896
37,Female,63.2,118.1,27.9,224.6380985044409
47,Male,82.7,194.2,40.7,302.7050144337859
61,Male,75.9,236.1,57.2,210.6659388555625
26,Female,66.8,311.3,47.3,139.14589746269624
62,Male,84.4,183.0,44.9,352.1726721171638
34,Female,71.7,140.8,86.2,204.24987259754025
53,Female,93.3,216.1,78.1,200.36956572169905
31,Male,63.6,197.8,51.6,157.0719479790502
36,Male,68.0,223.2,29.7,349.79460911631355
24,Male,76.5,234.5,66.2,341.3889961250978
20,Female,91.3,216.0,100.5,105.26630503926542
50,Male,66.4,226.4,77.3,0.0
61,Male,79.5,281.8,24.0,232.71589254374769
49,Male,61.0,185.4,46.0,100.11111965962756
64,Female,86.0,138.8,35.3,192.53731430554387
28,Female,67.2,215.7,31.5,172.0829073125109
59,Female,82.4,135.9,72.7,0.0
19,Male,83.0,143.9,72.3,228.5469995578829
43,Male,53.2,158.9,85.5,388.65465700130994
21,Female,77.5,137.5,63.6,135.18880134865378
34,Male,68.9,258.4,49.1,223.03016053439035
34,Male,81.0,202.4,53.8,147.0363548191558
45,Female,64.5,235.3,31.9,171.83255407996643
47,Female,68.0,225.5,77.4,319.0194197922892
57,Female,89.4,189.5,35.2,216.749608235029
40,Male,88.5,248.0,41.8,121.05582723184776
63,Male,63.1,175.9,43.9,183.00960120584935
41,Male,96.6,191.6,-11.4,180.82116255856084
46,Female,44.0,164.6,67.4,182.8157894574266
21,Female,77.6,270.0,31.0,178.85241852274086
55,Male,59.6,194.6,63.8,179.4841873647778
46,Female,79.5,229.9,41.0,27.98627101123549
36,Female,71.9,170.9,40.9,150.87084915732123
44,Male,62.8,242.4,27.8,139.9124000443311
46,Female,66.2,238.6,77.8,50.53945703462567
53,Male,65.6,118.7,82.2,301.6235910494379
52,Female,75.9,200.2,70.0,162.93086583778435
23,Male,86.7,205.8,55.3,69.58520589789822
40,Female,98.5,185.0,52.7,298.5928744912151
56,Male,72.9,269.2,71.7,270.05612114622824
63,Female,78.6,139.1,47.5,205.32548525776863
61,Female,89.2,177.6,76.4,230.85450597063334
25,Female,69.6,157.5,30.7,94.27535968028856
19,Female,65.6,251.5,69.6,215.8409093969961
30,Female,98.4,148.6,75.7,0.0
57,Male,72.8,108.4,28.0,347.6516923352101
38,Male,77.6,221.6,33.2,191.3084380941923
48,Male,55.8,193.0,49.1,292.57539689002533
53,Female,68.7,252.0,58.5,149.43807817875472
55,Male,97.6,240.6,37.6,488.57060597497383
44,Female,80.6,197.9,51.8,299.1804734447851
53,Female,74.7,127.8,8.7,0.0
40,Male,91.7,140.1,65.3,305.58186487470255
38,Male,55.3,111.3,66.2,149.77710273915412
30,Female,70.0,193.1,80.4,189.08393006301617
54,Female,102.3,167.1,61.5,210.57947420535785
64,Male,74.4,191.0,42.6,110.8167154363615
43,Male,74.3,208.7,29.7,175.42544132606974
57,Female,89.1,294.9,33.7,46.18451534008119
24,Female,90.0,229.0,48.2,309.3362630802758
63,Male,59.4,203.6,33.1,241.01419889811757
56,Female,80.1,121.8,34.6,163.43352499369618
39,Female,96.1,201.3,49.2,178.85584415399634
56,Male,67.3,244.1,17.8,57.36029897019875
40,Male,70.5,219.5,30.2,299.161571265154
47,Female,75.3,147.6,54.4,339.04486051282794
35,Female,83.3,181.2,55.3,0.0
59,Male,57.9,203.7,67.3,217.94162320708173
35,Female,37.6,179.6,53.1,246.1316057799364
63,Male,77.6,169.1,50.6,92.57813282852383
27,Female,89.0,92.6,62.7,182.47122605731806
56,Male,71.3,161.6,53.8,221.68382887799785
47,Female,67.7,212.6,30.6,71.12385090426899
43,Female,73.0,243.8,34.0,0.0
24,Female,94.2,203.8,83.5,125.09936109831916
24,Male,67.0,253.0,114.3,190.06121965112203
22,Male,81.8,196.1,64.7,337.86756801388873
18,Male,61.2,156.1,29.8,243.54814523271207
63,Female,61.7,176.3,88.0,86.6148748478689
35,Female,85.1,225.0,41.4,0.0
30,Male,94.6,186.6,58.5,321.7886247719873
42,Male,85.7,167.9,49.6,197.38111097945117
57,Female,50.4,122.1,53.7,115.45372755237639
25,Female,70.0,155.3,41.2,102.84514640694331
27,Female,77.9,180.1,76.0,226.2147184191594
49,Female,75.7,170.9,46.3,244.71438261679725
34,Male,52.0,151.3,62.3,108.71823244411031
55,Male,59.4,277.9,61.8,0.0
32,Female,65.4,230.0,47.8,111.78057032505225
32,Female,74.2,309.6,19.9,164.43537191396888
57,Female,51.8,119.7,33.5,163.0716730904736
37,Male,82.2,215.7,64.2,0.0
32,Male,73.9,178.3,56.1,376.0914618863515
52,Female,62.5,201.0,33.7,0.0
23,Female,77.3,292.5,50.9,74.4273965668844
47,Female,57.7,113.0,54.2,40.381470442917816
25,Female,74.4,171.4,61.7,46.38607761542239
48,Female,53.4,162.6,86.4,0.0
64,Female,55.1,171.5,4.3,169.34896481612958
49,Male,69.6,94.5,74.2,400.54805700343763
62,Male,66.4,264.3,54.3,175.38869405355462
32,Male,79.6,266.3,29.4,67.06560843241081
35,Female,74.8,229.1,53.3,242.06810651297045
30,Female,100.2,133.1,78.9,221.36551298487865
41,Female,71.8,213.9,84.9,55.64709504151808
57,Male,35.4,243.3,29.6,244.35945368039336
31,Female,50.6,219.4,33.0,252.76950896409357
45,Male,60.6,197.5,24.1,72.38090277945923
28,Female,115.6,270.5,54.7,141.0850852221263
23,Female,74.6,164.5,55.6,114.66824960518888
42,Female,88.3,191.6,69.7,30.49126395198344
18,Male,87.1,231.3,58.8,215.68470714331932
42,Male,59.8,215.9,67.9,239.1151729343502
19,Male,53.5,228.0,22.3,207.92900203490743
49,Female,82.7,226.7,85.1,66.44932627477476
30,Male,48.4,226.2,75.9,530.1374252593902
50,Female,86.7,181.8,39.4,105.8043828863495
49,Female,73.6,165.1,34.3,195.52685692374976
41,Male,82.4,206.9,64.9,345.74082318953816
44,Male,78.6,275.6,18.8,0.0
21,Female,79.3,198.8,35.3,205.174541097953
41,Female,76.3,230.0,29.4,148.81933784014
40,Female,78.4,205.6,48.1,134.4765942808606
46,Female,75.6,301.7,41.1,134.99389329974915
51,Male,58.5,193.1,34.3,311.5562133396759
38,Male,70.3,230.1,32.3,0.0
47,Male,101.0,164.1,37.2,217.3653831292875
43,Female,78.8,144.0,26.2,190.95385468285423
37,Female,88.7,199.7,60.9,395.543667322749
33,Female,63.2,259.1,72.5,14.318737951384852
20,Male,63.0,231.7,58.0,249.07018614519032
54,Female,60.6,95.7,77.7,111.64897543306688
57,Female,59.0,236.6,33.2,168.30787469239465
61,Male,55.5,123.4,35.0,345.5075326368914
42,Male,77.8,242.0,58.8,110.47518360982177
40,Female,70.7,227.2,61.4,332.06417972822703
61,Male,85.5,192.5,50.3,374.5082895942509
18,Female,71.3,236.4,49.5,197.65351372722716
50,Male,46.2,186.8,28.7,153.38810854928727
32,Female,80.3,207.5,-3.2,88.45180254245864
34,Male,50.6,128.1,61.2,248.22833513536574
51,Male,77.6,187.2,69.6,142.30251792178962
34,Male,65.7,246.2,41.3,145.84878711599498
58,Male,77.8,133.4,39.0,500.86297844425934
61,Female,57.7,240.9,36.8,174.32006099978867
21,Female,84.3,99.1,42.5,201.43470595077923
30,Male,75.5,140.5,70.1,424.67824556496805
21,Female,70.9,184.3,31.3,136.6508943570362
24,Male,54.7,207.7,62.9,111.33466261160284
63,Male,96.7,171.4,40.0,53.00155911050315
26,Female,64.1,170.0,10.1,255.72108324723555
40,Female,78.2,255.4,43.1,94.71099621708187
50,Female,63.6,259.4,82.8,0.0
50,Female,120.3,178.8,36.3,0.0
37,Female,76.8,180.3,45.3,2.3124267463575316
21,Female,67.6,185.6,50.2,90.46144670111643
18,Female,82.3,310.9,53.9,105.84542613793127
59,Male,84.0,200.8,80.8,303.2235661895056
51,Female,79.7,278.6,34.1,38.80040099550031
44,Male,71.1,236.6,50.2,252.91759569634442
38,Female,80.3,194.8,65.2,250.59369777866868
41,Female,73.1,167.6,35.7,142.6887253658773
32,Male,74.7,239.0,51.5,141.34264249595867
52,Male,65.6,160.7,69.6,89.11804004395592
42,Male,57.4,180.7,39.6,376.89202806470615
26,Male,81.8,232.9,46.5,16.394863787094877
34,Female,82.3,188.0,27.0,284.13203394679584
38,Female,90.6,180.3,68.9,124.43122969711723
30,Male,75.6,184.6,53.2,68.2464354452899
20,Male,72.4,165.7,41.5,317.9131407846691
21,Female,58.1,222.5,43.8,167.13956597481763
21,Female,74.5,201.8,49.8,188.09004462154513
60,Male,79.3,132.2,56.7,270.59289565952827
45,Female,53.2,175.6,36.9,174.25371568974427
24,Female,87.8,181.6,38.5,209.61972811538212
43,Male,66.5,181.3,44.7,377.40160023036384
28,Male,72.6,230.0,53.0,235.09812255506083
41,Male,82.2,164.9,82.1,302.95649412608253
60,Male,74.9,335.2,33.9,0.0
27,Female,91.8,269.3,16.9,161.7193959186556
54,Male,82.5,269.0,78.0,589.2146121354361
30,Female,73.2,148.3,32.4,0.0
61,Female,37.6,98.5,79.4,290.5920489704496
59,Female,87.0,183.0,74.9,229.27892425892765
56,Female,60.8,214.7,60.9,0.0
36,Male,85.2,191.9,74.3,220.4614161464545
36,Female,80.9,173.5,13.4,179.60183553328932
29,Male,72.6,113.0,23.0,335.803454593638
39,Female,86.4,166.4,55.7,114.87826887969622
64,Male,81.3,187.8,42.3,297.2609348754005
54,Female,78.9,175.2,34.3,295.9042714596233
47,Female,54.4,174.9,66.2,194.65497861637178
63,Male,75.5,160.1,55.2,343.7181050168055
29,Male,60.1,282.7,71.0,140.86539773721884
46,Male,61.8,235.4,42.6,281.4030630629075
38,Male,70.7,247.8,49.7,562.4786654442287
28,Female,92.6,213.6,80.8,33.70274789018882
54,Female,79.4,133.2,24.3,199.16194100626433
35,Female,80.2,236.9,48.3,37.18137773710394
61,Female,84.2,267.4,32.5,279.93563893382725
44,Female,64.5,274.7,83.9,0.0
54,Male,56.1,231.2,98.1,137.20841994934705
29,Male,54.0,200.0,54.2,474.6369312371018
40,Female,77.8,199.9,59.9,106.6922426766142
51,Male,86.8,225.9,47.9,208.19251494895448
55,Female,86.0,117.9,47.2,283.3865117712114
40,Female,65.0,231.9,51.7,145.2529528608499
42,Male,91.3,175.7,23.0,0.0
21,Female,99.5,310.5,63.2,38.80013946628138
47,Male,82.3,185.0,30.3,420.60439885619354
47,Female,92.8,209.7,42.9,262.25360405559576
30,Male,85.5,207.2,50.7,0.0
59,Female,72.2,165.4,34.8,46.588120701942515
31,Female,67.0,222.9,62.0,89.3433985374034
64,Male,55.6,217.1,40.5,158.52339364838085
25,Female,69.7,251.1,71.3,48.709084256945815
41,Female,72.2,236.0,32.6,134.22870432022032
35,Male,72.4,209.4,46.7,125.64235181877014
52,Male,73.6,159.1,28.6,130.74983795872538
42,Male,47.5,160.5,69.6,44.55487989460181
34,Female,84.3,282.9,43.8,195.92231087977436
49,Male,85.7,204.4,38.9,13.973957791362475
41,Male,79.5,303.8,46.2,242.56294746510744
24,Male,61.0,159.1,47.8,319.81680311541373
30,Female,79.4,309.7,58.1,360.0668082435867
44,Male,75.3,152.8,60.8,283.699600122354
22,Female,80.7,178.1,47.0,184.1398237874136
53,Female,93.6,222.1,49.2,0.0
43,Male,72.9,249.9,-12.1,420.6131487277043
59,Female,77.2,233.9,41.0,159.20202827102565
62,Female,64.6,104.3,78.6,198.65809828970706
48,Female,86.1,171.4,59.0,155.51435356645257
27,Female,83.4,142.7,28.5,171.10942104012315
63,Female,77.6,130.9,42.2,139.98977510393092
43,Male,62.4,199.2,38.1,169.2759854438711
39,Male,66.8,94.4,71.4,287.97721104780646
29,Male,53.0,250.0,69.4,0.0
49,Female,66.7,237.2,34.4,0.0
44,Male,83.5,281.0,50.2,90.36574332232472
50,Female,79.7,146.7,27.3,230.44275087942108
37,Female,76.9,151.6,37.5,157.55081405354588
56,Female,92.8,252.6,38.2,77.4165050615018
58,Female,78.7,256.4,36.0,59.586678589399106
57,Male,68.1,267.4,57.3,191.6350103495088
30,Female,66.6,257.7,77.0,179.55030909606478
31,Male,72.2,211.0,48.8,400.64082545770833
61,Male,69.6,177.0,28.9,501.2667035845077
57,Female,86.4,236.7,54.2,115.99296428393649
39,Male,80.1,177.9,54.2,463.3344379451073
35,Male,71.2,205.3,46.2,225.2313148675712
46,Male,71.6,180.9,87.2,255.44283964708475
60,Female,83.4,213.3,54.9,208.57768576367425
33,Female,87.1,262.1,61.5,278.955785628655
63,Female,52.9,182.5,5.2,330.9894361973613
52,Male,72.9,174.9,30.7,32.08415726295116
51,Male,76.1,194.7,60.3,239.01537900752265
20,Female,81.6,141.1,55.7,300.09246963979075
21,Female,76.4,233.2,42.4,43.37931165964591
22,Male,79.9,205.8,59.1,0.0
27,Female,72.2,198.2,68.5,1.4438269320142652
46,Female,65.3,216.4,40.5,144.79134178173032
49,Male,84.4,126.3,37.5,497.9083499257923
48,Male,84.8,270.0,44.9,0.0
19,Female,82.8,174.0,60.0,33.32239903238906
29,Female,85.0,181.3,38.5,89.63757126165265
44,Female,63.3,243.3,67.1,42.93864624617391
22,Female,68.9,230.6,40.4,28.40053294400671
54,Male,88.4,299.9,38.8,0.0
44,Female,79.3,151.7,96.9,102.26647373896873
40,Female,75.7,153.1,25.3,349.05489333417415
50,Male,72.0,140.2,65.6,297.5824044083126
21,Male,90.2,206.7,13.9,382.7263538333149
38,Male,53.8,186.5,63.2,110.39017235734732
41,Male,78.5,165.2,103.8,95.20565039408334
61,Male,74.2,196.7,71.1,257.87125398477457
48,Male,60.0,148.4,76.8,216.871029746833
61,Male,94.4,277.3,48.1,190.84073541936704
41,Female,42.7,165.0,68.8,297.6018942216775
27,Female,76.5,171.4,55.0,56.213095859212444
19,Male,81.3,80.7,90.5,72.6150979936483
48,Female,63.3,117.7,27.9,206.9433803778148
42,Female,78.3,170.6,73.7,225.83897226779456
21,Male,72.3,184.7,58.6,58.96422002006938
28,Male,86.9,236.0,31.7,230.0015808107453
34,Male,117.2,125.2,44.5,0.0
61,Male,79.1,222.6,18.0,243.99482570492538
19,Male,82.2,231.2,-15.3,144.4123160900436
23,Female,63.3,233.8,26.0,119.59600778427478
26,Female,77.6,251.8,42.2,33.50375094041046
22,Male,70.5,141.9,51.6,402.99908478531313
37,Male,84.3,227.1,23.8,232.45370727722204
46,Female,57.9,288.3,43.7,222.98949276635273
38,Female,62.1,270.0,54.7,137.00009710964846
26,Female,89.2,294.6,38.5,293.18730059949536
45,Male,77.5,212.1,28.4,0.0
25,Male,90.9,170.4,35.4,204.82460133411524
48,Female,79.4,73.5,76.7,288.4558465606034
37,Male,81.1,137.9,15.5,0.0
44,Female,71.3,173.7,73.1,131.81043423417887
25,Male,72.7,182.7,77.3,271.14585424133264
38,Male,86.6,160.4,42.9,166.9398090372901
45,Female,73.3,217.0,59.2,235.59939362037096
40,Female,89.2,209.7,34.4,225.15961774822816
23,Male,73.7,202.0,55.4,113.90229885514648
20,Female,60.8,239.3,94.5,106.08908967552597
22,Male,59.8,176.5,75.4,41.7875845492454
26,Female,72.9,254.8,39.9,178.50289464560333
24,Female,86.0,139.8,23.6,146.37343315195474
21,Male,67.0,184.8,44.1,188.863291948607
56,Male,83.8,215.9,55.5,212.59141104973838
22,Male,76.2,104.1,64.4,89.69379227228335
28,Female,82.3,174.8,47.8,7.344739988137786
32,Female,71.5,235.6,85.7,183.22596868101357
51,Male,77.2,178.6,50.7,176.4271930941382
30,Female,86.3,108.9,40.5,51.47752519241832
24,Male,74.8,155.6,60.5,101.74846760535583
57,Male,68.7,132.7,64.0,331.0667540923407
23,Male,53.2,224.8,34.7,342.73264855136796
56,Male,81.5,205.9,31.2,313.99823438346095
47,Male,65.7,121.9,17.2,206.86699466573623
39,Female,68.8,118.1,44.2,66.05662604614699
42,Female,62.1,163.8,74.3,241.82162545594556
45,Male,72.2,201.6,63.3,174.8709550605724
37,Female,100.2,166.4,72.5,178.32003130377396
56,Male,79.2,217.5,36.9,89.37128487501472
20,Female,67.3,215.8,46.7,127.27950520345767
22,Female,69.5,226.6,11.9,0.0
18,Male,57.7,129.3,70.2,104.72009407190133
32,Female,61.4,186.2,76.9,0.0
43,Male,59.5,253.8,28.7,221.02578538615424
20,Female,78.2,166.4,82.5,83.5833430364846
57,Male,80.4,159.3,45.3,155.5563239993742
58,Male,75.9,175.6,28.3,495.20380981833677
64,Male,79.4,174.3,43.7,70.48326170383811
59,Male,65.8,206.1,62.6,235.42267412600694
51,Male,61.2,170.9,48.9,218.25316085234942
22,Male,61.1,99.0,38.4,74.56993889307714
48,Female,60.6,259.3,61.8,240.8064046543526
30,Male,79.3,225.3,63.7,439.7304482117854
60,Female,99.2,207.5,46.5,289.6412711302613
18,Male,62.4,195.3,42.9,81.6954390355382
39,Female,70.9,183.9,39.1,76.63414300754376
32,Male,77.4,160.0,59.6,0.0
43,Male,71.7,106.1,17.9,176.50170910509846
35,Female,79.0,281.4,34.7,125.95044348811955
26,Male,68.1,201.0,46.8,341.0369886745078
18,Male,66.8,119.4,34.2,487.2186754710802
60,Male,72.8,148.7,55.1,31.311152722230858
26,Male,78.9,215.2,53.3,196.56082241971492
40,Female,90.4,214.2,99.6,129.39780981857012
60,Male,79.5,162.6,34.8,185.62514865302097
62,Female,72.0,146.1,49.8,302.0801232237975
19,Male,85.0,171.4,30.9,233.0290321759636
31,Male,87.0,103.5,88.8,265.9442792869402
55,Male,71.4,176.2,84.0,292.20746731745584
57,Male,73.2,176.7,18.6,223.3074836087145
35,Female,69.9,276.3,46.7,65.37795700580214
33,Male,84.9,177.5,50.7,466.36796552842503
46,Male,75.9,212.6,43.2,207.67558629852832
61,Male,58.1,279.9,40.3,264.7661825307024
28,Female,79.9,146.6,65.4,155.9970133550336
23,Female,92.9,168.8,85.8,0.0
20,Female,93.8,173.0,66.1,37.62405970217106
31,Female,69.3,116.3,67.3,174.7615104184515
19,Male,66.6,186.9,42.9,84.86802503437596
49,Male,97.8,258.2,70.3,255.19200482664664
48,Female,93.8,242.3,70.3,50.43945471148097
28,Male,80.6,259.1,40.5,220.05101821303919
39,Male,54.5,168.3,45.3,0.0
20,Female,67.7,143.5,18.5,200.46320710712666
48,Male,61.9,312.8,22.9,271.08048842739123
50,Female,96.7,210.7,41.3,198.62348199672365
41,Female,56.7,119.4,28.6,143.33392268936305
18,Female,96.6,328.0,66.1,81.99036622176092
61,Female,73.7,195.5,46.8,280.8744276703807
32,Female,60.6,52.6,60.7,336.2287839473848
54,Female,86.8,272.7,25.6,137.64123977713868
44,Male,82.6,84.5,76.0,130.35768678984908
55,Male,59.8,214.4,59.8,0.0
44,Male,74.7,242.1,58.1,255.42963654668847
61,Female,91.5,234.1,68.9,77.50714530197739
29,Female,70.1,277.8,56.4,106.39782570248944
20,Female,95.2,250.9,29.7,215.1240475426261
47,Male,66.1,292.8,62.5,74.27613017132359
49,Male,55.5,195.4,34.3,475.3685373579717
40,Female,75.5,179.3,54.2,51.104087075380676
19,Female,57.5,182.7,34.5,0.0
24,Female,76.5,268.7,83.2,90.09546906282344
51,Female,75.1,168.0,63.4,159.79183410511635
49,Female,65.9,242.4,70.1,176.93005766247913
56,Male,97.5,157.0,34.8,232.2418838094203
49,Female,75.0,157.9,56.0,123.078197662967
60,Female,85.4,259.2,53.8,98.4513059482675
60,Female,86.1,221.8,52.2,24.092126651967458
31,Female,96.1,92.0,11.3,177.05511404832495
20,Male,60.5,157.3,89.3,362.2260602247397
63,Female,53.9,71.5,49.2,141.28282951790894
49,Female,95.7,181.2,60.0,70.17269725576277
60,Female,82.0,186.3,23.7,170.27037660194276
53,Male,76.5,176.3,79.3,367.7206052399443
34,Female,73.4,260.3,77.6,114.75467366334202
20,Male,71.3,220.7,67.1,38.61584019260678
27,Female,85.3,323.3,55.5,152.64115814119168
64,Female,57.7,226.7,96.7,215.8111650138505
57,Female,80.7,227.6,69.7,198.49045083038956
35,Female,87.4,213.6,22.7,230.00159153251317
20,Female,83.9,186.5,54.5,164.52624691532623
56,Female,74.1,167.5,61.7,64.05089365273736
27,Female,75.0,188.3,52.1,44.91348651760997
26,Female,90.4,190.5,61.5,120.3727943833461
63,Female,82.0,195.3,78.8,220.27427352933015
63,Male,96.1,231.8,46.2,102.96227946474829
28,Male,54.1,215.0,42.4,140.47531967083404
50,Male,85.9,174.2,28.3,85.15562319914734
53,Male,65.3,163.1,12.7,386.4317631315896
43,Female,74.1,211.2,43.8,120.75599121438569
44,Female,91.5,153.7,36.5,199.11825040169572
55,Male,63.0,178.7,45.9,373.3616939684142
39,Male,100.4,173.4,38.3,68.04245392747092
43,Male,88.3,321.3,28.5,289.4912151640443
39,Male,82.0,136.3,39.0,206.0736811984972
22,Female,63.8,160.4,60.3,253.9403889953371
52,Male,72.8,172.2,39.3,103.13579874478299
19,Female,70.7,177.4,46.2,175.9027131587254
52,Female,60.2,250.0,91.9,211.65771211857177
26,Female,88.1,187.3,71.5,70.25212866801968
35,Male,70.1,133.8,54.6,157.51504205855215
60,Male,72.9,271.5,55.2,174.87345668741102
29,Female,73.5,213.2,35.8,269.34550596107897
20,Male,72.4,221.0,41.6,545.3543337719996
35,Male,81.4,232.5,44.5,391.0859949157229
55,Female,67.5,138.4,52.1,312.79757631941465
24,Female,87.2,199.7,49.1,0.0
50,Male,67.8,241.1,27.4,244.75234023418528
23,Female,74.7,168.0,61.9,161.36197633608802
35,Male,59.3,215.3,38.5,293.8496787151978
62,Male,87.9,227.2,88.4,8.38823046430767
39,Female,90.9,127.0,75.0,234.92452905629585
56,Female,83.6,148.4,16.8,0.0
26,Male,77.0,85.8,44.9,334.85725594844735
52,Female,74.6,211.3,82.2,0.0
40,Male,56.3,294.2,63.3,338.1379921296398
29,Female,58.7,165.4,51.8,243.7730072184438
41,Male,84.0,190.4,3.5,148.84530837424154
57,Female,72.8,250.7,45.6,211.21435010055916
26,Male,58.7,213.3,54.2,209.95955277615937
30,Male,58.1,151.3,8.9,2.7323455332829636
57,Female,82.6,276.3,62.3,170.85862240766994
59,Male,85.5,209.9,36.0,371.1387758626046
34,Male,56.6,188.4,56.0,148.62346705145504
24,Male,76.8,192.5,52.6,285.4654409849703
34,Male,79.7,229.5,44.9,84.33387363351217
41,Male,68.0,169.3,65.8,320.10339222282107
19,Female,89.9,278.6,55.6,144.52396532933838
52,Male,70.9,262.9,104.3,187.01724829666895
45,Male,54.4,200.4,85.6,263.54396669852
36,Male,72.7,203.1,29.8,426.44387393618166
50,Female,91.4,157.7,73.7,192.97513789994196
38,Female,70.9,168.1,35.3,41.046108645569795
27,Male,62.4,143.2,26.5,116.4766868498947
63,Male,82.5,189.8,20.5,205.18310622127535
62,Female,78.1,203.1,42.8,179.48786177699586
26,Female,75.0,120.5,70.1,36.428809419131966
55,Male,80.7,234.4,53.2,230.8367676098615
23,Female,66.7,156.5,60.2,210.47529057293676
59,Male,67.8,220.6,-14.5,128.18105549410618
52,Male,83.7,240.4,45.4,424.72793223355734
35,Male,63.4,265.4,29.0,93.92060069594638
36,Female,94.4,254.9,18.4,169.3334531278596
22,Male,89.8,282.8,25.9,0.0
42,Male,61.3,240.8,51.4,149.0412262299238
28,Female,92.7,208.4,63.2,128.17992223225755
27,Male,76.8,176.4,31.8,135.51095990465504
34,Male,91.6,194.0,61.8,96.8423304831953
53,Male,76.6,281.5,66.3,126.8270147386587
43,Female,72.9,190.1,56.6,187.79243442777474
48,Female,71.6,199.7,32.8,0.0
49,Male,45.6,273.8,40.1,0.0
38,Female,86.1,188.3,56.6,109.56643863755161
35,Male,66.5,160.3,35.7,176.84569823104832
35,Male,86.5,256.7,62.9,100.84773840483705
18,Female,95.1,158.6,27.8,151.35895663422642
31,Female,68.1,220.2,57.6,208.02654201747453
25,Male,67.4,211.4,68.1,315.06114235701926
19,Female,87.1,215.8,53.8,292.14341642626516
32,Female,69.4,79.0,30.2,14.508876757406856
51,Female,90.8,239.0,17.4,73.93002453671555
53,Male,66.7,197.0,27.9,77.97166021282872
18,Male,92.3,230.8,59.7,306.4195142323554
38,Female,71.3,225.0,45.9,73.65529497825607
59,Male,79.0,215.8,38.0,243.94345426674144
18,Male,86.8,180.1,58.0,12.347055956074303
49,Female,81.1,180.7,10.3,87.49555426476338
37,Male,87.8,197.3,44.8,73.42761109473108
64,Female,57.5,208.6,27.9,183.89561470487695
53,Male,70.1,178.8,23.0,34.47625454673755
56,Male,75.8,247.1,39.7,458.3184941148872
47,Female,65.8,183.6,99.4,180.13677566949272
24,Male,86.6,151.0,62.6,106.36141197099803
39,Female,68.9,229.8,27.4,184.8925280799529
62,Male,65.8,294.1,74.2,100.38148552938522
27,Male,86.3,141.6,23.9,63.94443792394051
25,Male,62.5,193.7,80.3,267.5388626513266
44,Female,63.0,253.2,32.4,262.7335771615278
27,Male,81.1,228.5,52.2,246.08806818329262
31,Male,91.1,231.1,91.7,37.97384652194673
63,Female,76.9,201.5,43.0,62.083282788881014
28,Female,55.6,67.1,86.8,255.8548196653264
23,Male,83.2,212.9,48.6,340.827241190996
38,Female,67.9,218.7,48.3,39.849235450349866
50,Female,88.4,256.3,32.3,65.75847613196048
36,Female,70.4,162.5,78.2,158.85183663345904
56,Female,88.7,284.1,40.1,118.10157074084921
41,Male,70.0,184.5,88.1,517.3204120341001
35,Female,66.7,175.9,37.4,84.39538578475836
52,Male,52.0,164.0,40.9,262.99982888431464
60,Male,67.1,252.3,70.1,230.6921484429569
54,Male,77.1,145.2,47.8,0.0
36,Female,76.2,231.6,55.8,0.0
41,Female,82.3,159.6,23.8,94.20360163842939
51,Male,89.9,197.8,52.2,257.28866271206977
39,Male,75.3,123.8,57.4,421.5349363754537
21,Female,75.8,239.3,84.5,71.71930158884508
27,Female,88.4,192.5,40.4,216.75283427043618
19,Male,77.8,227.9,56.7,167.30596747237817
25,Female,63.9,191.1,74.2,316.73423999637436
50,Female,68.7,226.4,50.9,136.83320434156133
55,Male,49.4,197.7,71.7,130.4846702636785
60,Female,63.8,237.0,100.0,148.2928330930946
45,Female,54.7,226.7,50.6,140.11894823915313
27,Male,79.2,209.8,76.5,421.88598146468115
62,Female,89.5,155.0,60.3,130.70532039939343
18,Male,63.7,178.1,67.1,281.5754840399125
51,Female,64.2,161.4,64.1,0.0
20,Male,86.3,271.4,71.3,46.2462782467286
26,Female,69.6,239.0,70.0,115.33765375846392
22,Male,78.1,201.9,48.6,222.64379191425192
59,Female,83.9,171.9,38.9,78.47738990968443
27,Female,66.5,160.5,58.5,185.19947963994534
29,Female,66.7,206.1,20.9,81.83738505222557
35,Male,68.9,292.2,62.4,447.0712012752455
38,Female,56.4,200.3,64.9,133.4425089396561
38,Male,80.8,260.1,46.4,242.71062933340218
18,Female,82.2,213.8,50.9,124.92851084476767
20,Female,76.0,228.1,68.2,132.36103000227862
22,Female,91.3,176.2,64.9,198.8362615918163
42,Female,71.9,190.1,68.5,131.43682165588004
25,Female,82.4,158.5,65.5,80.22720532876993
34,Female,80.8,215.2,52.1,175.74800281296763
26,Male,65.4,187.8,49.7,165.57266519405238
49,Male,88.9,218.0,58.4,251.25185242077035
23,Female,76.5,150.7,79.1,225.63231317881497
57,Female,86.7,222.8,55.3,240.14464158149548
38,Female,59.4,208.4,76.1,39.694366334435074
24,Female,76.3,206.8,9.3,0.0
24,Female,69.5,219.5,56.4,407.70730959430415
64,Male,64.8,188.1,51.7,298.45757097673925
56,Female,91.9,390.3,16.7,205.33164340688833
44,Female,77.3,223.4,19.7,84.29089422266983
25,Male,57.3,205.3,59.2,0.0
26,Male,69.0,237.1,52.1,0.0
45,Male,86.3,173.9,65.8,155.81176124979422
32,Female,64.8,172.3,-1.9,181.13032731062782
19,Female,63.5,240.0,71.4,322.27235786439604
24,Female,73.2,244.5,71.5,189.666755816026
64,Female,80.6,259.6,22.3,215.38068950123946
35,Female,66.3,128.7,78.2,100.83530414175476
39,Male,79.7,193.7,85.8,127.40404104320145
27,Female,75.4,216.5,23.3,2.2668470941062058
50,Female,76.9,236.0,52.2,27.330012634836876
24,Female,46.1,226.3,54.0,28.27847201137514
20,Male,75.2,157.4,14.0,139.34790317824525
31,Female,72.0,225.7,43.4,0.0
61,Female,79.7,216.1,78.1,58.9815634786715
63,Female,67.2,215.9,32.8,139.9735256165768
53,Female,70.5,145.2,86.6,0.0
30,Male,81.4,153.3,57.4,401.57568302672684
33,Male,92.3,290.6,34.2,443.9400575156999
33,Male,59.1,249.3,50.9,348.045073054068
22,Female,81.2,196.9,20.7,195.05319520876833
42,Male,89.6,197.7,58.6,255.07274287487118
55,Male,83.3,311.1,46.2,284.43753086501374
55,Female,88.8,202.3,41.5,151.7977416325638
55,Female,68.5,194.2,21.1,145.52839050207308
56,Male,89.8,160.3,48.4,0.0
58,Male,66.3,188.3,54.1,225.118482677892
43,Male,75.7,115.9,22.6,258.1552431801845
30,Male,69.0,226.0,71.6,244.89373366029432
61,Female,69.5,263.0,55.6,285.45615736469574
43,Female,54.3,263.5,33.0,306.42610328350054
18,Male,51.3,164.9,48.1,128.5048161695692
25,Male,89.1,85.3,66.7,47.533627813380626
21,Male,53.4,217.0,77.4,350.4450358615147
38,Female,78.0,265.9,81.7,190.7812116201134
39,Female,59.4,119.8,86.0,96.73651723279318
54,Female,64.8,181.3,23.4,115.48661810303686
20,Male,83.2,217.9,35.8,146.3351089394065
36,Female,76.9,157.9,22.0,158.27947734223108
18,Male,73.5,113.6,71.8,397.01577219769763
46,Male,88.7,162.8,46.5,82.2156619340508
40,Female,71.5,171.5,75.3,189.8648917850029
50,Male,89.8,105.7,21.7,228.42864772329634
58,Female,62.2,253.6,36.2,0.0
40,Female,60.7,277.7,34.0,368.27754054870036
22,Male,73.3,201.5,74.8,255.11151485782733
24,Male,75.0,236.5,64.0,363.2353780735278
23,Female,64.7,126.0,9.4,0.0
39,Female,71.7,192.9,40.7,293.3408115361332
30,Female,91.4,171.1,69.2,123.1561655440538
29,Female,70.3,220.6,72.3,0.0
21,Female,51.8,65.1,58.3,7.300826710538669
25,Female,54.1,184.8,53.6,24.1524688301529
54,Female,100.0,231.4,31.4,64.7629402508138
48,Male,92.4,211.9,71.4,30.800766269165997
54,Female,69.8,239.1,26.1,246.9755998221577
62,Male,84.7,170.1,17.8,230.19519704060397
43,Male,78.1,58.8,54.2,252.77762340978032
60,Female,90.2,254.9,41.1,173.20205870548241
25,Female,62.1,238.0,64.5,119.66099677921514
57,Female,62.5,278.4,59.7,0.0
50,Female,90.8,203.7,84.2,0.0
62,Female,57.1,220.8,58.1,2.7160703458748814
46,Male,75.8,316.5,71.2,60.8893798847275
22,Male,74.5,107.4,33.0,467.9662406509143
45,Female,84.4,222.2,64.2,0.3629674271714153
57,Female,76.7,260.9,44.5,296.68831760429583
34,Female,73.4,210.6,40.1,46.61802491233787
40,Female,70.4,203.3,31.9,13.978170070489849
62,Male,63.1,125.8,80.8,257.8136402987162
26,Male,73.0,273.4,49.9,352.21623559892515
19,Male,89.0,253.4,34.2,0.0
49,Female,71.6,264.1,63.6,118.4228855602791
48,Female,91.9,198.9,41.2,250.9318516146502
24,Female,83.8,184.0,34.0,202.11586993117064
47,Male,80.7,199.7,108.0,0.0
20,Male,73.1,285.0,25.8,158.08525805488142
26,Male,67.5,187.0,87.3,0.0
27,Female,95.2,274.1,33.8,154.88406687866163
63,Male,84.5,192.6,62.5,231.91394347862092
64,Female,73.3,157.1,48.0,201.7267588922972
43,Male,95.4,96.1,64.7,68.38313185531698
18,Female,82.5,228.7,22.4,87.0577770465041
47,Female,58.0,238.4,19.9,261.55934724005425
55,Female,69.9,142.5,65.3,261.28560296485153
32,Female,83.7,273.8,14.4,322.9466457117452
42,Male,93.1,130.9,26.6,412.29147084592955
23,Male,103.3,235.4,48.2,0.0
35,Male,75.3,237.9,24.1,355.48452248730985
18,Female,82.4,253.7,26.7,156.73568315682797
20,Male,67.7,101.5,41.8,299.53434472862216
34,Female,64.4,253.3,6.3,119.20383103321724
25,Male,54.8,192.8,22.0,84.81500032266484
57,Male,79.7,183.0,76.8,164.86893681788106
34,Female,90.2,241.3,69.1,154.63189136187123
42,Female,84.3,248.0,95.3,162.7833203106988
58,Female,76.0,100.6,61.9,205.41205550539385
29,Male,89.7,135.5,76.0,64.00765741965176
46,Female,110.4,260.0,41.6,35.18662534324512
42,Male,65.0,223.7,46.3,0.0
53,Male,45.9,209.1,58.3,159.09562907858233
42,Male,79.1,150.7,12.1,93.7137493431392
46,Female,88.0,221.9,60.9,125.95218316161805
28,Male,56.4,260.9,37.5,207.31779580292928
21,Female,85.0,315.9,40.9,0.0
31,Female,71.0,182.3,69.9,80.7451583746302
63,Male,79.0,243.9,19.0,242.36399272879234
55,Male,64.0,292.7,51.1,221.8779694344968
34,Male,63.2,127.6,59.0,156.09135927782552
19,Male,61.7,290.0,39.4,185.90933167074772
25,Female,83.0,210.0,50.7,122.15001868443429
53,Female,67.5,203.7,51.7,47.357788979297226
27,Female,78.2,172.9,67.9,36.16036989025881
24,Female,75.4,181.8,46.4,355.17566210288817
53,Female,60.8,162.7,25.0,215.79619037712692
33,Female,75.9,152.3,38.4,259.2564788499907
31,Female,77.8,222.5,43.0,230.40114443627738
33,Female,87.8,255.6,34.0,280.4687234692143
42,Female,92.9,147.6,53.8,220.04318929471307
58,Male,62.8,165.2,52.8,0.0
21,Male,79.3,212.8,51.8,80.84813232725577
46,Female,48.4,144.3,32.0,140.1671018666369
23,Female,85.2,212.2,52.6,143.02067121085128
18,Male,88.2,186.5,75.8,225.35681546233076
56,Male,42.9,118.1,55.9,51.5852754218304
18,Male,70.9,223.6,71.4,121.64364931633253
57,Female,64.2,171.9,52.2,157.9810187600721
20,Male,70.9,251.3,37.3,222.39959631023194
18,Male,68.5,190.2,67.2,317.7909103202422
18,Male,74.5,164.4,21.9,60.68361858518909
56,Male,86.8,198.3,38.8,263.02536788676053
38,Male,71.2,262.1,47.2,137.44809759363406
62,Female,63.2,292.1,63.1,112.77531627043642
47,Male,72.6,229.7,75.5,188.2134186721871
49,Female,72.0,170.5,66.9,0.0
50,Male,74.0,201.6,64.9,221.16030276268006
39,Male,67.5,195.1,67.3,408.2102102512884
47,Male,79.4,192.5,70.1,34.78876992118539
63,Male,90.5,187.3,27.2,413.9215634401993
21,Male,59.8,151.7,94.1,127.65143930722785
40,Female,80.4,248.8,72.2,179.82297382121072
61,Female,86.5,243.0,46.4,17.288671858823516
42,Female,69.8,201.2,57.4,354.9265557439014
29,Female,90.0,262.9,23.7,42.12270671647521
34,Female,74.3,229.6,44.8,141.19737850118887
32,Female,61.5,144.2,43.2,103.92957725051022
27,Female,59.7,182.3,41.5,141.7631057110125
52,Male,84.4,274.0,66.3,240.41647635037572
46,Female,83.3,182.0,52.1,103.21778933633672
29,Male,93.8,165.3,26.1,117.38385950359354
18,Male,83.0,236.1,26.5,195.46576695394208
18,Female,73.8,186.0,10.7,143.99086291363676
27,Male,80.8,228.0,67.6,246.57164963738617
35,Male,75.9,198.2,45.5,253.38931023294816
64,Female,71.0,160.2,65.1,206.92056100693995
19,Male,68.4,165.3,112.8,274.2087418953312
25,Female,54.3,115.7,32.0,155.3267110708759
39,Male,66.1,144.7,56.5,165.24501830063554
39,Female,74.8,231.4,78.9,0.0
43,Male,42.5,260.3,40.2,200.39186943971256
43,Female,68.8,169.5,43.2,276.03226314516326
26,Male,86.0,131.3,60.6,97.92494899466038
38,Female,91.1,256.9,100.9,91.36975538999187
48,Male,68.7,258.4,62.7,376.9746994767449
60,Male,68.2,236.1,33.1,438.3969870506379
23,Female,66.4,127.5,35.6,56.415582203291585
31,Male,68.3,225.8,40.2,548.8845225640044
50,Female,88.7,227.6,13.6,154.7160254465099
24,Male,94.6,245.0,46.8,353.3957323543535
41,Male,54.7,207.5,50.1,150.4188292613284
26,Female,65.3,162.5,50.9,152.20706901823294
28,Male,52.6,179.8,21.0,254.79348241985966
40,Female,74.7,258.9,56.9,58.619135695757045
19,Male,69.1,219.0,30.3,432.41653096672815
32,Male,79.3,134.6,45.2,184.20533701532938
52,Male,83.0,285.3,35.1,131.80494256746658
53,Male,81.6,257.8,73.1,47.93949323603655
45,Female,55.2,283.1,36.3,175.7206174942662
56,Female,74.7,256.7,76.9,183.22899948825216
61,Male,54.7,153.6,52.7,69.35363338139992
21,Male,95.8,216.5,58.4,241.40553229248994
27,Female,70.7,230.2,51.7,183.41311320002058
23,Male,58.6,132.8,33.0,152.99721226917566
47,Female,68.5,141.4,58.1,184.24415068294837
63,Male,77.5,237.2,41.4,187.5426139089496
52,Male,83.8,241.1,56.4,172.3178626939915
60,Female,90.6,318.4,62.1,50.58100903429032
27,Male,75.8,187.0,88.1,242.86077266301618
49,Female,71.0,115.9,59.4,0.0
59,Female,83.2,192.4,69.1,238.1368286086692
59,Female,82.9,242.2,63.2,273.7490258088785
20,Female,76.4,181.8,45.5,47.293452900107354
43,Female,84.7,205.1,63.6,6.068612506703941
32,Female,67.7,167.9,47.5,246.66813070056907
34,Male,74.7,259.7,41.7,185.8266735155676
44,Female,50.6,237.2,28.2,125.53360069267201
35,Female,91.7,159.0,63.1,153.43208580837504
36,Male,69.1,173.9,38.6,27.25977074109043
29,Female,91.7,166.0,62.6,239.66025163800578
41,Male,67.1,107.0,50.1,277.7314999596774
22,Female,78.6,161.9,44.3,125.40394527169347
41,Female,75.7,111.4,32.7,0.0
44,Female,67.8,246.7,76.0,170.0952026192969
47,Male,80.8,250.6,42.1,228.83131994884104
32,Male,90.3,185.1,81.7,173.4657835448654
64,Female,96.5,210.2,33.6,242.37884930646956
55,Female,83.9,253.5,80.2,272.28065659843725
61,Male,60.5,239.2,51.7,256.1081583283121
51,Male,58.1,300.2,67.2,0.0
44,Male,88.7,213.0,24.0,32.34423606360662
37,Female,63.0,272.6,23.9,80.2009599521534
58,Male,82.4,204.8,55.2,179.8519262312869
49,Male,76.6,194.0,29.7,321.57521335932347
21,Male,90.8,233.9,76.6,242.27785783624512
22,Male,81.1,227.6,57.3,185.94373785073103
25,Male,74.6,169.6,37.1,264.6529739058207
39,Male,99.7,158.8,31.6,102.72977390219637
59,Male,84.9,203.7,44.2,299.7171725059641
24,Female,81.7,105.5,38.6,154.72823405398833
39,Male,66.8,184.6,59.9,273.97914021895446
63,Female,61.2,150.9,48.5,197.51438762534318
47,Female,71.9,171.2,73.4,150.75832044195812
54,Male,57.0,161.1,62.6,0.0
33,Female,71.1,238.4,32.7,75.45242233977062
32,Female,84.6,222.3,41.5,184.07569288122343
22,Male,86.8,202.6,32.7,134.57166421496447
20,Female,70.9,180.8,32.7,81.21124405587922
40,Male,110.2,251.7,14.1,211.3643872092649
27,Male,90.3,245.0,68.8,315.7633715068081
22,Male,74.6,194.4,75.8,288.91930129512036
40,Male,88.7,267.7,30.2,463.56506911962055
32,Male,68.0,190.5,28.2,261.6089817267738
35,Male,78.0,210.2,61.2,247.97417816094134
42,Male,70.7,171.3,33.6,188.3769905316234
25,Female,60.5,180.3,75.5,0.0
48,Male,81.4,168.6,35.7,235.93376657445347
38,Female,74.9,234.4,7.2,162.27418948404923
19,Male,75.8,218.8,47.4,294.41174992826143
39,Male,74.7,147.4,38.2,251.9682834242074
25,Male,64.2,228.3,52.9,227.17942381980043
40,Female,94.1,289.6,43.0,222.2086215632228
49,Female,78.0,167.0,61.5,115.28154755953234
25,Female,71.8,164.1,58.5,204.8821463873847
21,Female,59.3,200.4,56.5,280.7182794316513
47,Female,91.8,268.9,53.8,91.24730720756362
36,Female,86.0,178.1,50.0,113.27275768258401
40,Male,75.0,292.1,22.1,92.13792210276551
35,Male,59.6,147.1,57.8,18.332540857934497
46,Female,94.9,209.4,64.6,313.5280135464368
40,Female,70.6,114.9,57.0,375.47582505356485
50,Female,66.9,153.2,46.0,147.83957945167614
64,Female,74.4,189.3,61.8,128.5604397843732
35,Female,79.5,213.5,54.7,298.4152122615259
61,Male,73.0,262.0,64.2,270.59636833779024
50,Male,34.4,165.0,48.2,106.07534652529434
24,Male,78.0,221.0,21.5,77.25353901982088
45,Male,86.1,133.0,46.4,332.37674162349896
18,Male,64.3,250.5,31.0,255.5266012517749
56,Male,93.7,265.5,40.7,344.8905203902792
51,Male,85.5,251.9,51.7,284.3421907663347
56,Male,80.6,251.8,69.8,37.77548906005634
36,Female,62.8,195.4,63.3,71.588720649762
48,Female,78.3,213.8,54.2,66.64602380637642
30,Male,79.3,195.2,75.0,222.39537601007382
41,Male,74.0,197.7,50.9,182.98066180724143
22,Male,85.7,162.8,54.0,148.4259588728512
40,Female,70.7,214.1,42.4,95.85209757711532
36,Female,71.7,220.9,28.6,216.93959439303813
18,Male,67.0,249.3,61.1,183.05076089639417
50,Female,69.6,219.6,18.6,72.60542225065021
50,Male,73.2,244.1,31.4,27.77569690236812
49,Male,72.8,162.8,53.6,84.40935878150832
45,Male,72.2,271.2,33.0,370.9531848855979
54,Male,86.1,187.9,50.4,104.87418139427956
58,Male,93.0,97.6,52.9,496.61512860763554
29,Female,59.6,180.5,38.8,188.24396351702038
26,Male,92.8,228.8,51.1,91.84280963136453
28,Male,83.1,204.1,50.8,125.55217848233197
50,Male,64.3,102.9,27.2,0.0
36,Male,71.0,210.8,60.9,145.2035726908215
59,Female,78.4,206.3,9.4,299.18537469410234
51,Male,55.1,151.4,87.6,469.55676638676556
24,Male,74.0,228.2,60.7,393.22252982014334
48,Female,81.3,193.3,70.4,220.7740775147417
19,Male,66.1,102.4,63.2,175.36576687628624
36,Male,57.2,234.8,49.1,197.8834030092672
55,Male,77.4,208.7,34.6,256.55560620612937
49,Male,101.5,275.7,49.5,209.82116011043763
27,Female,66.4,156.8,66.7,65.10854042900392
58,Male,66.8,188.3,33.5,171.56746035821894
25,Male,72.6,253.3,53.1,21.564109072540155
43,Female,93.8,154.2,13.8,171.81827442966778
47,Male,55.2,251.5,33.8,82.1463608883532
28,Male,84.2,252.8,32.8,275.7802038357841
58,Female,69.3,215.7,83.6,34.82032458932786
37,Male,70.4,191.7,23.3,173.34107151202198
37,Female,62.9,167.6,58.0,149.9137148130722
26,Male,72.0,163.9,81.9,165.38106386788462
25,Female,63.2,215.5,70.1,228.91115110150943
32,Male,68.5,56.1,80.4,287.61611755236447
51,Male,45.4,172.1,83.4,152.39650399164032
41,Female,54.2,165.3,51.1,84.46920554365046
50,Male,79.0,150.6,59.5,109.14701178296846
58,Female,90.1,209.3,53.9,74.69962873065
58,Female,113.8,126.5,59.6,375.97420990576086
62,Female,86.1,260.1,58.4,91.36359993619212
57,Female,68.8,245.7,84.3,229.66404163361133
44,Male,51.2,268.0,55.8,203.2211340776758
38,Female,81.5,173.6,30.9,100.91965007657255
22,Male,57.6,210.4,61.9,219.83120149891454
52,Male,65.3,241.2,64.6,220.32099562169824
38,Female,85.6,193.5,33.6,0.0
21,Female,78.5,171.7,32.7,131.5886788784913
33,Male,63.9,206.0,69.0,216.24382829178603
48,Female,54.5,189.7,39.3,111.56330197999118
43,Male,77.5,146.5,41.7,0.0
52,Female,79.0,81.0,40.8,95.30427523309379
23,Male,93.0,153.8,54.9,420.2181658045076
50,Male,45.1,82.0,72.1,300.6258030731898
38,Female,76.4,156.5,63.4,48.789024464830504
33,Male,86.0,271.0,40.8,300.13106660150487
64,Male,70.0,107.6,76.8,52.48867425226089
56,Female,55.8,222.4,67.4,144.60701863207535
51,Female,63.9,261.1,69.8,151.69349647835523
59,Female,75.4,121.4,69.2,113.69203583915042
32,Female,69.2,289.7,39.7,215.21854833482178
23,Female,78.6,196.2,31.6,187.5465445116007
19,Male,90.4,267.9,43.2,102.45599161121963
41,Male,70.2,213.5,69.8,147.66122529478804
45,Female,89.6,177.0,26.4,54.40333715664509
18,Male,73.6,54.6,23.7,121.60415740648192
18,Male,79.1,144.3,13.7,294.87237974075066
45,Male,73.6,234.0,24.9,194.80310586305862
53,Male,79.4,276.9,34.2,339.9126973161236
37,Male,81.5,129.8,52.5,0.0
25,Female,82.7,197.0,27.0,145.37911055857026
18,Female,75.0,177.7,63.2,204.05471950626603
43,Male,35.0,220.9,50.9,209.81380119904546
60,Male,82.1,204.4,9.1,16.875719002841343
42,Female,51.4,181.4,49.6,39.6601101587
27,Female,67.7,232.0,52.8,228.75541826711722
29,Female,46.3,165.4,88.3,90.08734022411053
58,Female,95.4,200.6,54.8,67.83220976721506
24,Male,80.0,238.5,14.6,144.17685184242646
29,Female,71.1,163.7,54.6,122.80603785245506
64,Female,92.0,182.1,53.5,233.49087213008826
57,Male,81.4,172.1,62.1,0.0
34,Female,76.5,222.6,102.7,174.46937328440322
22,Female,79.7,217.5,39.3,314.95075749208365
31,Female,70.4,174.1,36.9,242.0995972573826
51,Female,60.1,217.0,59.4,312.8792930802002
34,Female,86.5,59.4,86.5,113.51130612539669
52,Male,74.1,241.8,63.4,299.57934423934495
18,Male,53.9,244.8,43.1,207.4267443723441
53,Male,81.1,174.7,69.7,142.2700847131942
32,Male,75.5,164.7,85.9,0.0
36,Male,95.4,197.1,34.6,150.0021516904426
59,Female,78.2,154.5,30.0,258.53162124955406
22,Female,60.8,162.3,51.1,0.0
36,Female,53.5,215.4,56.0,392.44837055515075
60,Female,90.2,240.5,77.7,173.73784076820397
56,Female,74.2,215.9,40.6,43.26644444639753
22,Female,64.6,344.3,58.0,143.6769068966299
29,Female,66.4,262.4,81.1,185.45558032969888
36,Female,90.6,236.8,54.5,100.81953497803401
64,Female,80.7,235.0,42.1,70.6619302645644
29,Female,88.2,204.3,61.4,279.8678344077645
53,Female,77.9,225.2,43.4,120.36100256142656
29,Female,65.0,209.9,56.8,115.3053038951759
35,Female,96.4,252.5,46.3,303.6523244722445
60,Male,70.3,186.0,47.1,194.06577101690226
51,Female,84.7,183.4,41.9,210.13964421954472
50,Male,88.0,258.9,38.5,128.2651306381147
35,Female,75.1,177.0,69.9,85.18007564444059
46,Female,61.6,152.8,53.8,174.05439905000281
62,Female,66.9,162.6,75.5,49.775681177416224
22,Male,83.1,237.4,5.0,263.9790601983091
42,Male,81.4,333.6,39.6,81.70321650659847
41,Female,90.6,155.6,35.2,169.86231636585498
46,Female,88.7,232.3,44.9,272.79517007687446
55,Female,63.6,207.7,29.4,0.0
50,Female,92.3,256.4,17.9,94.41096709676113
27,Male,62.7,231.8,63.4,0.0
54,Male,82.1,259.5,38.1,156.226346404182
50,Female,104.1,214.6,61.1,151.34408594290556
40,Male,78.7,158.3,26.4,139.38736276889477
28,Male,53.7,166.0,17.3,0.0
41,Female,71.1,210.6,54.8,196.07046296317014
41,Female,101.1,223.4,62.7,3.567169223842747
24,Female,72.5,180.8,37.7,238.49205203506784
38,Male,90.9,300.8,29.7,97.93771007064582
37,Female,63.5,247.1,75.0,54.28621925389435
27,Male,70.7,95.8,48.9,209.88735705189592
42,Female,72.4,193.9,30.0,228.31452911173847
64,Female,98.4,148.5,20.1,370.32817267237385
53,Male,71.3,295.3,36.2,137.3087152445277
64,Male,52.4,89.0,42.1,23.938740461163086
32,Male,103.6,220.9,65.3,238.99984046485793
61,Male,77.7,206.2,49.7,23.307742408430602
57,Male,82.9,240.7,47.3,296.15045523815286
57,Male,55.7,216.1,31.7,257.48826865672004
23,Female,78.1,303.5,77.6,283.1438395162396
54,Male,75.2,245.9,69.5,342.41689186530664
19,Male,63.4,108.1,67.9,233.78801047585134
29,Female,83.0,270.2,48.8,164.7228493461514
21,Male,54.5,210.2,58.0,82.38765777084194
40,Male,63.3,270.3,-1.5,72.78392016762935
30,Female,89.5,184.1,54.0,156.6043635083391
34,Female,66.3,146.9,88.5,34.6446815607434
48,Female,69.1,137.4,38.4,133.85714464935236
33,Male,76.1,253.1,30.3,129.85156181364118
58,Female,70.5,239.9,47.2,170.65346404945626
43,Male,83.3,170.4,32.8,185.6913692524508
45,Female,77.1,66.5,31.5,268.88257599347423
18,Male,56.9,255.0,55.3,162.01260766345183
64,Female,66.2,98.1,66.5,31.909063026001192
29,Female,64.9,308.7,55.5,196.69516365947325
54,Female,69.4,127.7,27.1,139.52354050494614
37,Male,76.3,200.7,36.6,148.7043972609068
19,Male,78.7,211.5,56.4,138.53216111930277
53,Female,46.6,218.2,63.1,158.28799112680366
32,Female,87.3,216.2,45.8,121.16746810390039
55,Female,73.9,206.5,32.1,187.10094515230776
39,Female,61.6,178.3,65.5,186.71896384857678
61,Male,86.4,188.8,86.2,156.1839085013634
49,Female,49.7,167.4,72.5,362.86697711896227
37,Female,56.1,205.8,89.7,77.97938843993548
53,Male,100.5,112.3,37.6,198.31079176370915
50,Male,76.8,215.8,70.6,0.0
32,Female,66.2,195.1,75.8,142.1002022670243
63,Female,76.3,242.1,40.3,124.20572189200517
20,Male,72.8,184.8,33.5,191.0181281532704
46,Male,75.4,230.1,30.8,370.0086269337527
64,Female,80.9,227.6,48.2,291.117172144177
44,Male,72.6,193.0,19.9,388.48947589944254
22,Male,79.3,217.6,83.8,201.161324343211
48,Female,73.1,132.9,24.3,166.96713692415895
39,Female,65.1,267.1,58.4,311.88497344610033
52,Male,61.7,172.7,4.7,74.16722620493111
24,Female,90.8,191.1,90.9,247.31512084479013
23,Female,82.8,147.4,75.0,53.81983476890201
43,Female,87.4,161.6,18.1,286.5379504031856
18,Female,75.0,282.2,56.1,148.65965092457972
36,Female,77.7,206.9,45.2,64.73352756932206
24,Male,72.9,185.2,53.1,106.21269838326218
53,Male,88.9,184.9,62.7,142.67022266886408
29,Female,70.9,200.1,34.0,261.1049617040075
37,Female,63.2,236.1,48.9,286.0940513432915
40,Female,81.3,209.7,13.8,89.12786242453653
42,Male,73.2,210.8,51.7,81.42004865173857
47,Male,78.0,153.8,8.8,500.40866837605563
46,Male,83.5,185.3,76.1,304.29176812582165
48,Male,68.1,207.8,20.7,93.29489934943604
35,Female,72.4,198.4,55.9,180.8893827945609
58,Female,71.3,179.2,66.6,111.4287569350396
36,Male,90.4,174.6,87.3,31.984228364179707
21,Male,75.2,221.8,85.5,150.2929102706834
18,Female,76.9,223.0,77.9,13.96439113131352
58,Female,61.1,249.5,49.7,98.95871296336698
32,Female,83.8,209.8,72.3,115.55836064701403
25,Female,80.1,96.2,55.5,97.10511506528144
32,Female,65.0,317.9,57.2,213.19047292864659
32,Male,98.1,199.6,37.6,271.80943812392684
56,Female,79.0,179.5,84.8,72.8766261811596
39,Male,67.5,197.1,33.9,255.65782060565715
35,Male,75.0,180.2,28.6,362.2667478874029
33,Female,70.6,159.1,58.2,68.69319710642581
19,Male,93.5,230.7,14.2,24.877554037606924
53,Male,86.2,192.6,52.4,51.579641544257896
37,Female,80.4,195.5,82.7,163.32349641801807
33,Male,95.6,74.9,58.3,441.43241181205383
20,Female,62.5,188.7,50.6,205.07607310814714
47,Female,84.3,146.2,33.2,276.60170824343913
19,Male,81.6,173.9,20.0,0.0
52,Female,72.2,211.8,67.3,69.14925996523087
43,Female,72.3,169.3,50.6,37.23352578418977
22,Male,86.1,176.2,62.5,292.3242414712815
19,Female,85.2,204.8,6.2,138.62089249590016
37,Male,57.9,174.7,64.6,0.0
51,Male,96.8,147.2,89.7,276.8014618083294
51,Female,88.7,113.9,76.8,230.363919270824
37,Male,71.6,216.8,55.9,461.5003764122693
42,Female,65.5,174.2,29.1,145.80810075555996
37,Male,88.3,116.7,52.4,275.3096625730624
42,Female,81.0,262.3,53.1,35.58001077977568
31,Female,83.6,216.9,40.1,0.0
64,Male,81.9,140.6,41.6,375.7868128817617
61,Male,89.6,164.8,92.0,256.8998486459417
60,Female,85.3,252.3,30.7,264.4003430844039
60,Female,68.6,191.2,41.4,99.90744031565103
56,Male,67.9,179.1,61.2,529.8085713247943
29,Female,79.3,237.5,93.6,181.85893679756555
22,Female,102.5,191.6,44.0,77.88797485094138
19,Male,73.2,261.5,14.0,165.04379586334582
33,Male,79.4,179.4,7.3,0.0
47,Female,85.7,171.5,100.4,49.2693403309786
64,Male,70.0,200.8,11.8,137.95815446901716
60,Male,84.6,248.2,51.5,369.2412401706483
55,Female,75.2,212.5,19.7,117.05160780651515
62,Male,90.0,205.2,34.2,369.06438269486364
59,Male,63.7,159.6,37.0,181.9023585472298
41,Female,102.8,152.3,10.9,45.28527712868934
47,Male,71.3,248.3,74.4,259.35630757361594
54,Female,81.3,253.5,58.6,53.22835007989624
56,Male,75.1,251.9,41.5,158.10714353204662
28,Male,62.1,239.6,38.5,439.01937292188757
31,Female,85.0,222.3,71.8,194.67145737824768
40,Male,71.8,221.6,51.8,90.31454191278502
33,Male,81.3,206.7,91.7,317.7109157927206
38,Male,65.3,228.1,41.0,77.1148128745198
21,Male,71.9,197.9,58.5,0.0
50,Male,71.5,228.0,25.4,323.2843548172781
64,Male,81.6,245.9,41.3,225.1432273939008
31,Female,78.7,137.1,70.8,104.93649954034386
36,Male,72.9,254.8,73.6,0.0
22,Male,70.6,197.1,86.8,143.03780191141746
53,Female,78.8,272.9,58.9,146.77931085480685
48,Female,77.4,263.5,74.7,30.61600096790684
62,Female,76.5,148.5,62.5,128.52751445961562
35,Male,98.6,200.0,41.7,445.52429599015204
61,Female,81.6,106.7,19.7,144.07441738565367
48,Female,98.1,180.7,45.4,218.42790000515816
47,Male,74.2,217.8,27.1,138.344971460383
38,Female,74.4,242.3,71.1,36.47797948522217
64,Male,68.9,203.5,72.2,124.28358034686758
47,Male,78.6,222.1,29.7,326.4088384572538
58,Male,71.1,164.9,72.2,205.25908656798404
21,Male,69.4,199.0,26.4,180.77910859506196
22,Male,52.2,170.5,78.9,132.6962705466257
58,Female,92.6,214.1,46.8,23.053198128387947
62,Male,70.4,269.5,59.2,394.3824095146943
27,Female,92.7,197.2,79.0,134.92932423278086
44,Male,73.8,131.4,61.9,127.20593306712534
33,Female,82.7,209.8,47.3,132.5962395860293
47,Male,75.9,235.3,67.5,129.94845011807638
30,Male,80.0,154.1,30.7,237.01161499980296
53,Male,62.9,262.1,11.4,107.84099871845493
38,Female,89.2,170.2,72.9,139.4384621854964
62,Female,70.6,162.0,23.7,143.6072242222402
57,Female,86.1,111.0,68.4,300.169831572605
62,Male,57.5,213.4,52.8,441.42210045216467
32,Male,65.9,290.8,49.7,279.76695433043255
37,Female,79.5,218.3,31.1,133.14128129751037
37,Male,73.0,163.3,41.0,278.9402543582934
62,Female,80.5,225.7,50.3,238.63686451509815
22,Male,77.5,240.0,54.0,128.97988171187313
49,Female,96.9,258.0,31.9,0.0
23,Female,81.5,138.3,64.9,0.0
47,Male,69.8,277.7,66.1,176.1453517268243
43,Female,70.3,210.7,59.7,107.7305720100819
54,Male,89.4,287.7,41.2,140.25873296171207
30,Male,56.7,207.8,67.2,96.14453444680674
46,Male,81.7,228.8,62.4,96.98429263784526
22,Female,61.6,152.6,10.9,176.1152176092756
42,Female,88.3,249.2,54.2,0.0
30,Female,69.8,146.2,88.7,201.78906222076884
41,Male,81.3,213.4,69.4,159.35183270638353
48,Male,75.4,178.5,73.1,388.36534407531263
37,Female,58.4,195.6,36.0,192.14481567707756
25,Male,82.7,254.3,52.5,0.0
26,Male,66.3,182.2,46.3,0.0
38,Female,84.6,255.3,50.0,31.007886919019313
37,Female,63.0,179.7,39.7,158.71543479647283
32,Male,77.9,206.5,25.3,0.0
43,Male,75.5,307.5,51.3,220.9997432075376
59,Female,67.8,206.1,34.4,182.67668519863253
28,Female,91.6,196.2,61.7,88.32312923953855
54,Male,75.4,207.0,49.4,84.16472433339581
58,Male,69.9,183.5,11.5,0.0
28,Male,78.6,149.9,77.6,421.5278070665453
44,Female,57.5,303.0,58.7,270.58482483080417
47,Male,104.4,179.7,40.8,404.51684269245675
36,Male,62.0,123.9,43.3,181.54076313249053
51,Male,81.6,192.2,25.4,191.8230132190416
55,Male,75.7,217.8,48.8,264.66268873179104
40,Male,89.2,189.6,63.6,198.1872049894273
18,Male,77.1,197.6,84.9,0.0
20,Female,67.3,191.8,48.2,221.6648785964037
20,Female,52.7,221.3,51.0,262.83113780202143
45,Female,53.6,240.9,73.9,280.99137242695764
31,Male,72.1,190.4,26.8,238.62599167947246
47,Female,91.4,329.5,52.9,256.9879296187974
22,Male,54.9,252.0,34.9,11.414485387813965
32,Male,97.2,199.7,52.6,170.95025058092722
55,Male,88.0,134.1,68.7,115.29910692089834
31,Male,58.8,205.7,17.0,370.9561242273619
31,Male,62.0,240.7,72.2,228.04552789413557
25,Female,63.2,241.1,57.2,140.3516914754923
25,Female,78.6,107.4,52.8,41.85896693331397
36,Female,74.3,205.8,76.9,36.43411510969382
49,Male,73.9,176.0,34.2,45.66726685071347
48,Female,68.9,274.9,23.2,220.2170813214208
46,Male,77.1,206.2,29.5,303.8572674032327
58,Female,85.0,85.8,60.7,167.3597552404278
28,Female,73.5,218.4,40.1,218.7793114371806
62,Female,67.0,102.5,32.5,57.789546272698786
30,Female,86.9,222.5,30.5,0.0
44,Female,72.3,329.4,53.5,184.48679745186575
36,Female,81.6,268.0,49.4,133.80600419959686
43,Male,73.8,212.9,21.6,334.5493183852502
54,Male,88.0,167.0,22.3,253.45123163234962
26,Male,89.8,263.7,39.5,210.07518276544445
45,Male,89.4,231.8,68.4,214.22415907176762
49,Male,68.4,186.7,41.5,420.1122562639416
20,Female,68.3,173.1,20.5,99.05650356500684
49,Male,85.5,154.7,48.3,305.07235820101613
22,Male,74.2,218.7,50.8,234.96631030657264
25,Male,74.6,179.2,20.3,0.0
31,Male,66.7,208.4,25.6,23.275916085355252
20,Male,91.9,246.4,64.9,212.9933821145791
41,Male,87.5,177.9,25.4,138.48299542026297
30,Male,73.6,232.3,65.7,69.91207671354225
60,Male,67.3,261.1,19.1,346.76513243814776
46,Male,66.7,219.8,19.8,0.6161755004737862
25,Female,76.6,235.0,50.5,137.52451815491645
59,Male,79.6,220.1,34.9,76.97626199353617
48,Male,64.7,200.8,39.3,439.1958586750102
43,Female,60.1,241.9,53.0,323.02872760331536
35,Female,76.0,280.5,38.7,128.62565638401495
35,Male,85.4,242.7,31.0,314.1451327043572
24,Male,75.9,190.3,59.8,362.44623049333944
55,Male,72.0,191.6,53.6,356.18469936358747
33,Female,61.4,193.5,50.9,242.58655497615996
50,Male,67.4,247.4,49.6,0.0
20,Female,85.5,173.7,34.0,274.49937606586366
55,Female,60.0,148.8,29.8,203.51684597407487
21,Female,96.3,223.4,43.1,103.73215649047475
53,Female,76.0,201.1,34.3,141.1305325441931
21,Female,56.0,274.1,49.8,185.4321922514783
59,Male,81.0,87.2,42.2,162.08873074664282
26,Male,80.4,210.4,50.4,146.77707497927187
57,Female,69.7,179.8,48.1,43.742823731671855
34,Female,86.3,240.5,85.3,196.06193121359163
34,Female,67.6,186.0,22.3,122.85202541500414
50,Female,82.6,171.2,46.3,65.80389307409186
37,Male,74.6,246.8,27.8,218.84911162661575
31,Female,71.6,263.9,40.3,165.68073991248215
39,Female,91.1,195.1,33.7,192.8960442775334
44,Male,86.8,196.1,62.8,201.0259071193589
60,Male,61.7,263.5,20.5,255.06849211756702
20,Male,79.6,257.9,65.6,171.31603414486847
41,Male,97.7,251.6,60.6,186.60032780494092
47,Female,91.4,179.9,91.1,147.21459747210295
25,Female,64.1,167.1,86.1,204.01580760133314
39,Female,94.2,281.8,34.0,232.02878083699719
42,Female,86.2,230.5,74.7,272.0731582511246
27,Female,62.4,162.9,43.5,158.88981709700852
46,Female,77.5,194.7,56.1,9.570161150533878
57,Female,80.7,204.2,84.4,219.08580512204048
18,Female,62.1,194.7,34.8,207.47769271803682
38,Female,83.5,185.4,51.1,173.4101617263225
56,Male,104.2,261.5,11.1,314.76262214832826
41,Female,91.4,226.4,67.8,106.10559247992228
26,Male,76.9,312.7,92.1,0.0
61,Male,71.6,264.3,61.5,80.31109926026878
43,Male,78.9,206.8,77.4,0.0
26,Male,63.3,270.9,72.8,273.94525843158084
37,Female,69.3,217.6,35.9,126.52553630041797
52,Male,51.5,320.9,56.5,296.6756412088492
53,Male,80.2,184.3,59.9,276.6405119433553
59,Female,70.9,222.7,26.7,89.43558271751621
53,Male,82.4,170.0,78.9,82.95645513792815
26,Female,76.4,180.9,39.9,72.57774551707192
39,Female,62.9,182.9,45.7,337.3374341304404
18,Female,77.4,261.8,44.7,131.5902568547314
22,Female,66.4,210.4,50.7,122.18253132399708
26,Male,94.9,77.1,108.6,256.2057823910178
54,Female,64.9,204.7,37.9,0.0
55,Male,69.4,151.3,19.1,133.31091731219757
36,Male,62.8,178.0,53.3,82.74361983634816
25,Female,61.8,257.5,32.7,44.463398708684856
59,Male,75.4,132.8,41.8,153.357983265323
60,Female,60.1,138.6,62.4,128.65144719282537
49,Male,72.7,117.0,28.2,34.94858957897636
30,Male,80.2,180.6,42.7,153.20883477119293
37,Male,69.9,115.5,55.9,199.34034044718942
53,Male,48.6,119.7,34.4,278.1840622250182
60,Female,91.0,188.5,49.2,111.52332017970416
61,Female,78.2,215.7,55.8,160.8917958094463
54,Male,78.3,154.4,47.7,163.60262257471834
47,Male,72.2,218.1,53.1,377.3557794449376
27,Male,84.7,205.5,57.1,262.1951089422255
48,Male,86.3,227.0,36.5,114.06071145865145
42,Female,87.5,148.0,20.6,96.62789566605798
46,Male,78.2,299.2,29.3,280.0271685188079
41,Male,58.5,143.0,26.0,118.51036433806689
56,Male,79.9,168.7,74.6,0.0
38,Female,78.2,225.7,15.3,146.98909851818067
58,Male,68.4,205.9,62.6,143.58931773760867
26,Female,65.4,242.3,36.3,224.26514870601
59,Female,81.5,184.5,70.7,128.20475863985072
59,Male,74.1,138.7,41.6,298.1960349015947
19,Male,70.3,123.7,50.6,560.790891305531
21,Male,95.1,289.0,60.3,351.0590828620023
25,Female,83.1,184.9,75.1,101.27522783313901
49,Female,80.2,191.6,38.6,198.99635743620223
31,Male,89.6,290.1,37.7,204.64952301053827
30,Female,79.0,175.4,60.2,144.17474149400832
38,Male,66.6,201.2,18.3,0.0
41,Male,70.3,148.4,15.6,364.4276154093246
35,Male,83.8,134.4,57.3,0.0
62,Male,82.5,294.5,63.4,214.87170634335845
57,Male,80.4,295.2,56.7,0.0
43,Male,61.3,251.1,48.0,98.55481159696797
49,Female,84.8,249.4,39.2,170.66831481692236
61,Female,74.2,237.7,81.8,255.22267077642707
50,Female,82.2,163.0,84.4,248.49047724842805
48,Male,65.0,214.5,52.2,181.52466986092668
35,Male,98.6,174.8,36.3,325.22429208251447
52,Male,78.0,70.5,29.8,190.7795109144133
29,Female,70.0,256.0,58.6,79.88722300216936
42,Male,82.8,227.7,25.4,248.69018264364664
62,Female,85.3,134.1,25.9,60.49674760041934
48,Male,82.6,182.0,40.3,202.44666968444935
27,Female,63.1,252.6,60.1,88.48740484856182
64,Male,88.7,206.6,79.4,0.0
51,Male,70.9,115.1,55.0,230.20139650468866
20,Female,74.8,139.3,59.9,160.17314043637964
63,Female,48.5,292.9,69.7,236.659280625881
56,Female,69.4,203.3,67.8,0.0
25,Male,69.4,252.9,39.0,108.79353118466278
49,Female,80.4,291.9,67.4,225.41326376534514
60,Female,68.7,177.1,70.6,198.0527244719351
46,Male,55.5,217.6,56.2,325.8443381559735
39,Male,77.9,101.7,52.7,435.5330012496064
37,Female,72.0,169.6,62.0,76.42326493830802
23,Male,66.3,228.8,59.9,86.97986103790485
60,Female,76.1,190.4,12.7,250.38783905683934
46,Female,53.6,222.6,58.6,198.15807227200187
59,Female,82.4,246.5,73.6,125.38208375816498
34,Male,72.8,228.0,69.8,162.91558201653294
48,Female,71.8,216.5,57.5,53.227560536336384
51,Female,86.4,209.5,53.0,318.2983723926461
55,Male,68.6,171.6,42.1,461.50555581242963
54,Female,78.1,153.8,47.7,229.24810112214985
21,Female,73.4,267.8,64.5,191.44201821119088
19,Female,113.6,239.6,57.7,200.64376111076461
29,Male,80.9,160.5,68.1,270.19151273904527
52,Female,61.3,203.2,39.6,0.0
23,Male,96.0,130.4,71.7,138.2382823210934
63,Male,87.5,176.1,37.6,328.9722842311705
25,Female,75.5,226.8,54.1,66.06638169063996
38,Female,69.8,213.0,38.8,157.4476798025416
63,Male,59.1,205.8,48.0,340.29740754402917
52,Female,80.2,155.8,90.7,222.78913228789392
32,Female,66.9,145.7,60.2,207.09283807095832
24,Male,64.4,247.5,54.5,215.41837305237766
32,Female,84.3,284.7,78.2,246.01759569299495
62,Female,93.5,227.5,-1.3,109.30883623962643
23,Male,69.3,191.4,46.8,439.93463029467006
64,Female,84.7,261.3,40.0,0.0
34,Male,77.5,157.9,32.8,227.43750644868925
21,Male,79.3,252.7,19.4,154.04959467299614
39,Female,65.2,170.2,45.6,222.4410153854818
49,Male,72.5,172.6,63.9,168.80802216602794
39,Female,61.8,183.4,47.1,393.8386698474991
44,Female,60.3,194.9,66.0,236.77350983210135
63,Male,81.2,245.7,51.4,68.44653526568652
32,Male,68.7,134.8,73.3,0.0
61,Male,64.0,169.8,39.9,52.390421473000856
39,Male,60.5,210.5,12.5,248.54489538485151
45,Male,56.8,227.9,18.4,183.7555217614966
59,Male,51.5,114.8,40.0,125.87732620966386
55,Female,76.3,160.5,32.4,73.86759096057357
26,Female,43.5,112.6,38.2,254.1736667478727
51,Male,80.7,165.0,72.8,173.66847221426153
53,Female,80.6,178.1,20.0,89.0286418545946
26,Male,73.8,225.1,80.2,356.4812492235778
32,Male,75.9,85.5,33.9,381.4319019575464
62,Female,71.6,232.7,25.1,36.78768502225498
37,Female,77.7,174.5,47.2,259.55537075838333
25,Male,77.6,183.0,80.0,173.69133427047245
45,Male,90.6,248.6,35.8,315.8134790999622
36,Male,93.4,267.2,38.0,275.7947452588073
33,Female,93.0,167.2,39.3,122.62567707816629
28,Male,65.4,166.9,73.0,208.02553986068204
59,Male,84.1,182.3,41.1,299.43790776173535
25,Female,81.1,166.7,58.9,37.31334818862859
50,Female,67.2,128.2,52.4,36.94381076291235
27,Female,64.4,198.4,47.8,337.09013927574824
35,Male,70.5,167.0,40.0,355.1038231389188
52,Male,62.3,204.9,89.4,303.2580029127117
60,Female,58.3,285.4,105.8,142.8112270955698
20,Male,81.0,194.7,32.3,0.0
57,Male,75.4,162.2,28.6,128.77105410525928
44,Female,75.3,186.4,50.8,189.74697879726602
45,Female,86.1,206.4,4.5,273.00676900288653
63,Male,72.6,191.7,51.0,280.5861782499683
23,Female,85.0,171.9,90.1,203.6868943330877
64,Female,66.1,117.2,38.0,133.81037454647813
31,Male,66.1,231.7,71.6,262.7700518508443
24,Male,75.2,155.3,79.4,85.28245031737679
27,Male,100.5,273.1,32.8,203.32827394929478
32,Male,90.4,181.6,53.6,178.42571047647417
48,Male,88.2,174.2,57.1,411.87062161413724
46,Male,58.5,176.4,64.6,0.0
59,Female,76.7,207.5,66.0,138.14495389146563
34,Female,84.9,156.7,72.4,176.4029440244209
46,Female,100.0,166.2,34.4,0.0
61,Male,54.8,231.1,53.5,290.47909321998014
32,Male,83.8,149.1,79.6,168.63170854693797
43,Male,87.8,227.4,81.8,79.68158807033676
29,Male,80.4,241.4,54.5,327.33731391492256
42,Male,58.8,233.4,39.4,95.99386633589144
58,Female,78.0,211.7,70.7,223.96373852679568
22,Male,80.1,109.8,60.7,227.04701785273102
21,Female,77.1,139.5,60.3,93.40923239222342
61,Male,66.8,132.2,65.5,61.07257871387366
58,Female,65.3,181.1,31.0,82.49584030007954
48,Female,80.5,201.6,66.9,212.6866042033136
20,Female,66.9,140.4,53.1,254.87929847541574
20,Female,67.2,191.4,72.8,192.0325749905147
43,Female,73.3,234.2,50.4,148.3885215279578
34,Female,76.9,150.1,61.7,239.59636536418117
27,Female,87.5,159.1,59.1,188.96970398359076
19,Male,60.6,259.0,39.1,115.76019273175883
41,Male,59.5,153.6,32.0,76.83011670881272
28,Female,70.4,217.1,66.1,116.90741724555964
41,Male,53.4,262.0,32.9,110.99477486609324
52,Male,82.0,140.9,43.3,217.6176895863367
40,Female,51.1,144.7,42.7,301.36025881408904
49,Male,83.5,188.4,57.3,234.14034589997226
40,Female,88.3,203.4,63.5,281.1439258924254
51,Male,78.1,167.9,18.9,214.99983413091027
58,Female,52.7,298.6,35.5,114.75065841327346
36,Male,76.3,226.9,34.6,0.0
19,Female,65.4,159.8,45.4,193.54224532840058
19,Male,60.6,131.7,10.2,103.83537584805563
32,Male,82.0,196.8,72.7,92.46270975782514
38,Male,84.2,221.9,51.2,72.0531773445253
52,Female,90.4,292.0,47.3,170.92363840540776
22,Female,71.6,203.8,65.1,99.88678061010236
60,Male,77.1,187.9,60.4,442.4631471109027
44,Male,95.0,151.2,60.1,392.56869395673095
41,Female,100.1,218.5,49.7,89.61339110996364
24,Male,88.0,250.8,52.1,0.0
23,Male,70.8,110.6,66.9,234.46324456453425
63,Female,75.1,203.7,60.6,116.12699566621457
50,Female,72.9,149.0,84.6,257.3378395618631
34,Male,83.5,132.1,52.8,212.139356687284
63,Female,65.2,284.7,63.0,253.31045221323615
59,Male,78.9,244.4,47.5,258.497807186536
47,Male,78.9,169.7,56.5,31.47428567468421
25,Female,79.6,191.9,57.5,65.92025052712853
57,Male,62.7,184.1,41.1,141.51193330962616
63,Female,78.0,143.7,37.1,121.78500401965918
24,Female,96.2,173.0,62.8,112.25739649670768
23,Male,69.5,239.2,59.1,278.73432269364054
21,Female,78.1,171.7,79.4,203.18737846295252
18,Male,52.9,223.2,50.1,135.1084853195943
32,Female,78.0,172.1,30.1,192.2552741995511
48,Male,77.6,140.8,50.2,46.52124661757892
42,Female,76.4,259.7,65.4,224.09713747485327
64,Male,83.8,93.5,7.6,334.87689795685026
50,Male,71.7,289.2,49.9,241.26370277119634
52,Female,89.1,249.9,63.3,216.12817202847518
22,Male,64.4,209.1,54.7,291.28660782954296
22,Male,92.3,177.7,42.8,319.52213878845663
53,Male,77.6,181.6,25.9,297.91378463326953
34,Male,74.1,210.1,49.8,395.7523346085666
31,Male,57.8,209.2,25.5,0.0
46,Male,61.7,152.0,63.5,228.19858943252447
25,Female,79.2,203.4,51.2,130.97950477095213
51,Female,66.4,212.9,79.9,138.86750492818032
57,Female,86.9,185.0,10.9,238.07506990027133
18,Female,78.4,312.0,43.2,147.95495782789763
46,Male,57.9,193.3,64.7,238.2239928388172
53,Male,84.1,111.8,72.9,288.74645423815446
54,Female,73.1,149.5,65.5,0.0
46,Male,74.5,235.2,30.9,380.0347252327236
22,Female,87.5,163.9,40.4,138.13983169248772
49,Male,58.3,150.3,5.3,392.8868721602986
41,Male,61.5,269.8,50.9,79.95299033009196
36,Female,78.9,208.5,73.3,54.23258553323448
29,Male,54.6,169.9,50.1,170.4259797629384
18,Female,67.7,61.6,61.5,165.48992033848666
24,Female,86.7,231.0,61.0,91.25253210811326
34,Female,73.7,200.8,43.7,62.008754722954606
51,Male,58.5,265.0,1.4,268.09836795292745
60,Male,77.3,145.3,76.8,367.78730082869515
24,Female,70.1,181.3,58.6,336.6554407035416
34,Male,66.6,214.9,25.0,176.72008179392472
20,Female,117.7,262.8,57.4,35.40149076686798
46,Female,81.9,212.9,54.0,103.56939334723326
39,Male,71.6,164.6,76.2,440.13731393989696
55,Female,85.8,264.9,59.4,273.3114230110388
60,Male,71.5,184.4,59.5,268.6952772524281
46,Male,68.8,209.0,54.0,125.35937861721452
59,Male,78.6,237.5,34.6,296.23012877646903
22,Female,81.1,278.2,63.5,324.6304442688157
47,Female,86.1,218.4,49.5,114.60288670155911
40,Male,92.1,329.4,30.9,0.0
38,Male,89.3,195.5,36.8,68.79908900184735
43,Female,85.3,214.7,27.3,150.13404177547665
64,Male,86.5,169.1,71.2,196.51424020805678
38,Male,89.2,216.1,89.6,402.40273918767366
37,Female,83.5,214.9,73.1,73.9145178195685
40,Female,56.0,252.3,57.5,130.74419672894234
21,Female,81.0,222.2,48.7,79.83049912949667
38,Male,91.5,173.6,44.2,287.21818029647386
38,Female,65.4,212.8,30.3,63.49590971676289
18,Female,70.3,166.4,88.9,111.9754054890679
32,Female,74.3,227.5,29.3,0.0
34,Female,77.3,172.0,33.0,85.56201616168931
31,Female,68.3,130.1,46.1,313.5385130111621
36,Female,75.7,143.5,47.7,354.963627079683
51,Female,81.2,141.3,62.0,200.06078178561845
23,Male,50.9,173.6,36.5,244.27611444469235
62,Female,75.9,157.6,10.2,73.89807518429204
23,Male,70.4,198.9,45.4,248.80305923279417
22,Male,54.5,180.4,46.7,205.57950456815342
24,Female,81.8,225.8,45.1,124.47208647874756
50,Male,78.7,219.1,44.8,324.32296450494766
30,Female,77.0,183.8,43.0,60.652030726655106
18,Male,82.3,262.1,23.5,552.4531434050177
30,Female,78.9,153.7,79.2,321.5970143119318
60,Male,66.1,250.3,78.1,91.25811078426943
44,Female,83.7,207.8,77.9,172.97024737781464
24,Female,85.7,180.3,26.3,90.9694574269097
20,Male,62.0,256.5,58.1,284.5366389997799
42,Male,85.6,227.9,41.5,209.3306276645806
50,Female,71.6,146.2,40.5,0.0
57,Male,82.4,218.2,31.4,84.44326838221082
34,Female,76.8,218.1,101.3,236.509346159671
62,Male,72.9,250.4,45.0,186.96132988897548
31,Female,81.5,229.3,31.6,137.22234974993404
54,Male,71.0,232.8,52.8,286.73865331090553
40,Female,88.0,177.9,65.3,231.0401140303849
41,Male,89.9,189.5,47.2,173.84851456585022
46,Female,68.4,187.4,54.9,0.0
55,Male,73.0,120.1,70.0,104.50482254648986
44,Female,70.5,264.3,30.9,0.0
55,Male,79.5,144.0,53.6,12.436029261766443
57,Male,90.7,213.4,37.2,213.63220004784878
62,Female,55.0,183.4,34.5,128.62222132797297
40,Male,58.0,188.1,85.0,355.02954745081615
48,Male,74.0,233.9,48.2,198.51779334121247
53,Female,77.2,161.0,28.8,55.52974326952788
34,Female,63.7,222.8,47.8,267.9653735245904
54,Female,77.2,223.3,25.8,269.8449909582134
20,Female,66.1,161.2,45.7,203.16645245254372
53,Male,69.6,245.6,36.4,185.06907801447284
22,Male,90.2,268.4,60.2,175.11266626860552
63,Male,70.9,301.2,88.7,45.90747634434987
32,Female,70.7,186.9,46.5,67.67552150513949
23,Male,76.6,209.6,37.2,139.18162876005158
27,Male,88.1,212.6,51.8,21.49060130224952
49,Female,74.5,233.3,79.8,114.98982650480814
40,Male,68.3,287.4,60.3,170.3983010700839
34,Male,81.9,224.3,47.2,364.22277944011347
63,Female,84.8,225.7,8.7,0.0
37,Male,88.7,145.3,49.0,250.0961877827744
61,Female,74.6,302.4,65.5,11.2579629256794
58,Female,80.7,176.2,69.2,0.0
32,Male,84.5,67.0,76.2,123.4173307965669
61,Male,77.2,86.2,36.5,187.7085919024786
63,Male,90.8,216.3,41.9,390.8040261757533
39,Female,82.8,136.3,47.6,99.49530385560283
23,Female,97.6,202.7,64.2,77.01922191828571
21,Male,86.0,125.3,44.7,113.922071480349
40,Male,51.9,215.3,60.5,131.7185000704
61,Female,70.2,228.2,42.3,0.0
62,Male,55.6,208.8,35.9,87.38451582785197
36,Male,67.3,165.2,72.2,297.635481992949
62,Female,70.5,243.9,56.2,0.0
48,Male,85.4,180.0,64.9,141.20102005701236
61,Male,69.7,190.6,45.9,153.50449472000105
20,Male,91.7,174.5,66.1,322.4707166008358
45,Male,67.0,186.6,28.7,197.19689533848322
20,Female,71.5,293.6,31.9,186.83298963858286
31,Female,60.1,199.8,68.8,80.54700479414525
35,Female,92.3,136.5,48.6,0.0
44,Female,93.9,152.0,45.1,100.10306517657385
27,Male,73.4,186.2,31.6,179.42028021822816
32,Male,57.2,160.3,66.1,378.5738747696207
36,Male,72.5,247.5,87.3,8.64826302480493
26,Male,77.8,129.2,62.2,525.2177610818026
21,Female,67.4,194.0,41.0,179.47410506125854
32,Male,103.2,250.5,77.7,104.33852051845052
25,Male,96.9,168.5,57.2,83.95223725035014
18,Female,54.0,222.0,41.3,114.81386607496954
24,Female,61.2,198.0,75.5,135.53783566780137
48,Female,80.5,198.4,46.4,150.18355728178636
35,Male,62.1,225.6,21.1,313.96508121810325
29,Female,77.2,107.1,43.6,75.47350109845509
47,Male,75.1,260.2,60.6,216.1983545449528
50,Male,74.5,105.2,35.6,162.5957647194664
64,Female,87.2,256.8,12.6,321.59999679841724
24,Female,96.7,221.7,79.4,0.0
45,Female,79.8,223.7,109.9,337.6466599719578
20,Male,60.5,280.7,40.5,90.2199767611082
60,Male,76.7,259.2,37.4,60.62403632104316
23,Male,68.0,240.7,23.1,159.24383756049096
48,Female,98.9,185.3,33.6,141.8078592262913
55,Male,83.3,182.0,19.4,144.54758833420053
32,Male,79.8,242.1,23.9,267.834389354818
24,Male,82.8,222.6,50.0,150.27013821867894
60,Male,74.5,215.1,18.4,126.58777167058632
47,Female,90.0,197.2,20.6,46.1995615150745
44,Male,68.1,179.6,54.1,337.1806997503702
34,Female,86.5,130.5,37.7,171.5956372533313
35,Female,94.1,232.2,57.1,28.284488416260086
39,Male,65.2,190.9,43.2,126.23222025064698
43,Male,79.1,187.7,46.3,25.465097124576072
44,Female,80.0,109.4,65.6,437.1743469099434
57,Male,62.1,204.6,39.0,221.4795654382974
41,Female,58.6,131.8,64.2,0.0
25,Male,64.0,178.3,41.6,17.96108682882428
38,Male,74.4,239.6,33.6,31.412803857118814
46,Female,80.0,203.2,28.5,179.2694262548354
60,Male,70.6,194.7,16.9,0.0
38,Female,98.2,163.7,25.2,12.112443528947843
20,Female,87.3,172.6,14.5,129.74381247854586
48,Male,80.4,279.3,30.1,211.33710847520808
44,Female,69.8,239.0,66.4,100.8931466540694
63,Male,75.8,176.9,49.8,162.00394666139735
44,Male,88.2,194.7,42.2,8.446451376785573
26,Male,86.0,212.4,36.2,289.78022910571855
50,Female,85.9,221.9,48.4,0.0
50,Male,71.4,198.8,50.6,172.20953116207164
43,Male,68.7,111.5,27.7,477.68093977428
45,Female,57.9,198.4,59.3,107.20179064659462
61,Female,81.3,195.4,43.5,8.334373380935556
60,Female,56.8,302.9,55.9,126.0622937793694
48,Female,74.8,334.6,49.4,110.53854637065376
18,Male,70.0,232.1,21.6,212.79045264649847
37,Male,77.7,166.1,76.0,241.51743892213446
29,Male,89.0,234.0,49.8,321.56652716357354
34,Male,91.2,115.1,42.6,125.61996218709194
32,Female,83.4,173.4,61.7,72.24825989626896
51,Female,65.8,118.7,26.9,66.90579421778689
33,Male,74.7,227.5,18.5,124.80058385874361
21,Female,64.5,139.5,61.1,177.3157665455782
25,Female,67.1,185.7,72.9,12.001372461887216
51,Female,80.8,197.8,55.7,53.86057107905214
63,Female,63.3,198.6,66.1,151.82953432699844
42,Female,69.5,176.4,24.7,236.30835075370325
32,Male,62.2,216.8,42.8,77.87812646328182
45,Male,82.9,137.3,36.8,276.89709997286513
26,Female,70.7,287.0,70.6,105.64166970907505
19,Female,48.4,148.3,59.9,203.68971905203523
34,Male,94.6,202.0,70.6,192.15800094700967
27,Male,87.2,231.2,37.6,183.69905208710537
26,Female,50.8,234.1,27.4,427.43157235132475
48,Female,83.8,238.8,76.6,409.1548243639063
19,Female,93.3,120.4,50.5,119.33021536004107
41,Male,72.8,154.1,71.3,85.19017912088817
36,Female,76.8,206.8,48.7,155.41872598056386
34,Female,71.2,224.1,94.1,196.73792385955718
60,Female,81.2,262.9,73.6,243.35833753393013
27,Female,87.4,174.3,46.8,0.0
45,Female,60.7,154.8,50.4,103.19075810661236
55,Female,66.5,172.7,50.5,95.64337902356172
45,Female,76.2,313.0,27.3,56.211061147050835
18,Female,78.7,275.0,40.4,0.2960158553064013
20,Male,79.9,191.5,38.8,175.43761861779942
32,Male,72.7,264.2,54.7,292.4905798822633
27,Male,64.4,171.4,33.7,31.22702403032052
38,Female,86.8,247.7,47.0,136.6945228840511
54,Male,60.3,131.1,42.7,263.5138097845455
32,Male,69.1,217.8,51.5,414.28438543189293
40,Male,75.2,251.0,79.4,287.1759835269251
31,Male,80.8,183.7,71.9,196.56013451652376
32,Male,71.5,230.7,23.8,252.0875927939085
27,Female,84.0,171.9,49.0,207.06866240593118
26,Male,90.0,215.2,43.9,241.2339411069983
61,Female,67.5,175.9,37.1,211.27642418357573
56,Female,79.7,241.0,93.1,109.1635902159827
22,Male,78.0,136.8,39.5,377.0593264885869
42,Female,70.9,149.2,40.9,85.95486075670848
59,Male,52.1,265.3,85.1,105.96824910325009
43,Female,79.3,77.0,69.4,108.87941255719626
25,Female,80.6,167.9,41.1,49.2028173962035
39,Male,88.0,192.9,65.2,292.7697718134746
42,Female,71.0,217.7,45.2,0.0
29,Female,67.0,176.1,46.5,105.01214083765768
26,Female,64.0,143.7,33.9,179.13420138433713
27,Female,39.0,261.3,1.3,146.33066488595372
27,Female,70.1,252.7,21.5,152.62165022910187
26,Female,108.2,181.0,27.9,141.6416711976481
43,Female,90.3,110.5,58.4,153.94385706443458
52,Female,63.1,215.3,53.1,49.24046457762757
44,Male,68.8,209.1,71.7,137.13543998756137
48,Female,68.7,166.6,25.9,103.19141765106436
36,Male,91.8,102.2,85.7,249.93734942826495
60,Male,101.7,186.4,83.9,320.74921270687577
55,Female,76.1,238.3,50.7,113.1653107161331
23,Female,78.2,245.9,36.3,210.883997498035
32,Male,81.2,197.8,37.3,230.96877922105307
46,Male,74.8,168.8,54.0,208.33797991491676
64,Male,78.4,236.7,87.7,317.0963406062873
62,Female,75.6,143.1,48.1,5.564318276825394
22,Female,80.7,132.3,18.4,193.2289826690305
31,Female,51.0,195.6,87.9,81.46226504105427
19,Male,69.2,277.3,42.0,349.0749945516893
40,Female,60.8,279.2,79.1,71.3428278631282
61,Female,83.3,134.1,62.5,111.38296866039757
63,Female,65.6,178.1,47.0,0.0
36,Female,56.2,321.7,69.3,193.21461720170234
41,Male,53.5,165.6,35.3,143.70366053807035
37,Female,80.4,281.0,44.2,81.02173815575082
64,Female,63.9,248.8,39.4,146.86034004582416
44,Male,73.3,259.5,46.0,0.0
41,Female,94.0,177.7,61.0,86.6238198767077
34,Male,79.5,179.2,60.8,189.45462288873534
42,Male,68.9,154.5,18.9,421.4314958010038
63,Female,60.9,239.9,39.3,179.7002998285496
48,Male,80.2,118.2,42.7,229.53693725174674
45,Female,73.5,191.8,61.7,164.90051696277817
45,Male,81.9,281.7,22.0,600.0
39,Male,46.4,229.7,64.1,339.6946336065849
22,Female,88.6,250.1,27.5,0.0
61,Male,54.4,117.8,55.0,211.75385112533834
59,Female,69.2,150.3,72.3,280.323523663898
25,Female,91.7,259.2,25.5,5.103791747729277
55,Female,48.2,206.3,54.8,169.3824545214495
45,Female,74.0,148.0,46.3,103.86773050421914
64,Male,71.7,231.3,30.5,80.30728650479958
29,Female,74.7,173.3,25.5,306.600067678446
42,Male,79.3,326.9,35.8,120.22438271573802
55,Female,75.2,230.0,33.8,73.77284876753856
61,Male,58.9,153.9,45.9,81.92504272109143
32,Male,76.2,244.1,41.5,59.59533432363879
61,Male,74.8,280.7,58.5,119.76737714100926
58,Male,74.3,199.7,66.2,109.31027241883585
51,Female,100.0,161.6,19.4,26.15515698223428
62,Female,91.0,202.2,45.0,148.36976375641646
30,Male,96.9,169.4,31.0,0.0
25,Male,79.1,187.1,28.3,213.99051637630188
30,Female,96.4,130.6,18.6,239.91553269900695
53,Male,64.7,243.8,17.1,131.49212040557984
23,Male,70.7,142.5,39.6,270.18533640856936
55,Female,68.0,230.4,57.9,112.00902557569059
49,Male,69.0,184.8,57.8,545.0041332297045
38,Male,75.5,211.1,28.9,370.23708162085245
61,Female,77.4,176.3,26.9,63.738229618898835
61,Male,80.2,209.8,54.8,341.63355297360044
24,Female,95.9,221.6,41.4,320.15409361547717
43,Female,56.7,182.5,67.8,104.45704810192656
32,Female,60.5,113.5,27.8,180.08045392426692
59,Female,45.7,216.9,12.8,215.65409694055063
40,Male,64.9,219.5,62.2,47.2084268591313
55,Female,69.7,128.4,12.2,0.0
58,Female,66.6,150.9,21.1,180.01148752782797
32,Male,61.3,182.6,36.6,83.07579277831037
57,Female,76.1,85.3,44.3,128.0061903303107
33,Male,70.4,235.4,62.0,343.78819702829395
49,Female,64.4,175.6,29.7,205.7638915435526
54,Female,76.8,214.4,76.4,165.0472107029251
35,Female,68.1,146.9,19.7,130.74995184703403
37,Female,88.9,300.9,42.6,89.46316190209811
63,Male,73.0,129.0,66.6,101.2526060912341
19,Male,70.8,175.1,67.7,455.81115773025016
40,Male,78.1,260.0,-9.1,465.6716093112959
47,Female,50.9,142.5,104.2,256.92929266620246
20,Female,89.6,204.6,43.6,105.85000180660788
63,Female,84.4,231.3,55.6,40.810797634239805
56,Male,65.5,124.7,43.3,519.5871269265521
64,Female,61.4,166.6,92.7,212.74283227176758
18,Male,62.9,209.5,75.8,258.51119064079126
58,Male,58.1,222.7,92.2,118.41180943930556
39,Male,54.6,158.9,59.5,316.9863850859183
46,Female,57.7,292.0,68.2,114.17376276911048
31,Female,43.2,224.0,29.1,38.36470946791352
45,Female,70.6,238.8,44.7,104.6708920890527
38,Female,73.4,235.9,68.3,155.84570642657627
62,Male,90.4,121.8,56.4,440.16904528816247
49,Male,86.8,194.3,52.1,0.0
23,Female,66.2,199.2,34.5,27.71897783027024
18,Female,72.0,187.3,73.3,115.75415027834056
38,Female,88.2,210.4,73.0,55.835487430592565
21,Male,69.6,94.6,70.8,216.98763414307786
20,Female,77.0,206.4,55.8,103.75348474068821
47,Male,67.7,184.8,50.2,222.50304289095777
48,Male,75.5,94.2,72.5,225.22294927657376
51,Male,76.0,221.1,68.7,17.93506358795141
36,Male,70.8,140.9,32.1,183.5658996831602
37,Male,87.8,181.0,56.3,85.37409844381723
40,Male,64.6,187.3,63.2,338.5365266500694
57,Male,76.4,107.7,36.5,100.74761575519497
42,Female,96.4,113.3,68.1,100.55981792466997
32,Female,78.7,227.3,64.4,54.06181111218808
55,Female,65.4,169.8,41.7,145.47306816659312
40,Male,79.2,180.4,22.9,183.22424214196698
19,Male,104.2,203.6,61.7,415.5622810521601
32,Female,75.5,112.1,89.3,154.4817195355925
61,Male,84.5,179.6,55.1,417.43448675210425
52,Male,75.1,194.5,62.8,431.4450868795995
27,Male,78.3,288.2,26.7,170.5627692346553
31,Male,74.1,154.0,49.0,189.2477558571567
44,Male,62.8,239.4,47.8,119.4004708094643
31,Male,79.5,199.9,32.3,37.10829205419543
52,Male,60.3,143.2,58.8,516.0956720440782
50,Male,71.3,168.4,58.0,127.52750645119102
18,Male,97.9,243.3,44.1,82.02328274905831
51,Male,74.1,238.8,49.7,61.92667129562707
36,Male,63.9,174.0,91.1,107.17990013444606
41,Male,77.9,217.2,37.6,170.31321522427723
59,Female,68.4,148.1,27.4,286.08728078830126
21,Male,76.3,191.2,26.9,411.8466777192535
53,Male,60.9,178.5,55.0,0.0
30,Female,84.4,246.6,-0.9,254.54916924724077
49,Female,76.5,223.1,39.8,298.3443755781808
26,Female,63.0,166.2,30.6,80.88928664847141
56,Male,79.3,171.2,48.9,79.84906092645903
33,Male,98.2,198.5,48.9,277.9123924337688
20,Female,65.4,191.9,56.9,88.40694616586731
37,Female,84.1,186.0,62.3,284.9337520027478
27,Female,80.0,182.4,72.8,180.16764721485146
39,Male,79.8,269.0,42.9,90.2999669492191
20,Male,85.8,177.4,36.7,242.74635113057403
28,Female,71.7,215.0,67.1,158.8690737239398
42,Male,76.8,321.1,16.8,0.0
59,Male,76.2,157.7,65.1,62.36789653046805
25,Female,64.7,209.6,52.9,79.32259342368481
26,Female,80.5,212.2,59.0,164.7858964444352
32,Female,70.7,199.4,57.3,220.4680408633818
49,Male,97.0,202.1,52.7,382.6278410041628
20,Male,68.9,156.1,53.5,100.41540938755763
21,Male,59.2,217.9,27.8,2.58900797546566
47,Male,88.4,108.1,37.0,84.44900552277987
30,Male,66.1,289.9,85.5,106.66340009947766
61,Female,60.4,285.7,63.5,58.20722194032491
38,Male,79.7,183.5,71.2,216.90466799343258
58,Male,91.0,252.6,43.1,316.919474044257
